experiment_id,table_or_figure,dataset,method,variant,partition,seed,protocol,budget,config_hash,code_revision,status,progress,checkpoint,log_path,runner_id,failure_reason,next_action
abl_cifar100_hsfp_memory_dropout_s0,Table VIII: + Prototype dropout,cifar100,h-sfp,hsfp_memory_dropout,IID,0,"frozen_journal_v1 (60 rounds, seeds 0-4)",60,fc87a172cb439b5f (launcher-args hash),9e785b9+dirty,running-healthy,4/60 (round in progress),,results/journal_v1/logs/abl_cifar100_hsfp_memory_dropout_s0.log,tmux ehsfp-lanes / laneD / pid 535020,,wait (lane continues automatically)
abl_cifar100_hsfp_memory_dropout_s1,Table VIII: + Prototype dropout,cifar100,h-sfp,hsfp_memory_dropout,IID,1,"frozen_journal_v1 (60 rounds, seeds 0-4)",60,edd871f80aa8e378 (launcher-args hash),9e785b9+dirty,queued,,,,tmux ehsfp-lanes / laneB,,runs when its lane reaches it
abl_cifar100_hsfp_memory_dropout_s2,Table VIII: + Prototype dropout,cifar100,h-sfp,hsfp_memory_dropout,IID,2,"frozen_journal_v1 (60 rounds, seeds 0-4)",60,cfdd1192adf7d5c8 (launcher-args hash),9e785b9+dirty,queued,,,,tmux ehsfp-lanes / laneB,,runs when its lane reaches it
abl_cifar100_hsfp_memory_dropout_s3,Table VIII: + Prototype dropout,cifar100,h-sfp,hsfp_memory_dropout,IID,3,"frozen_journal_v1 (60 rounds, seeds 0-4)",60,40de8905d3163196 (launcher-args hash),9e785b9+dirty,queued,,,,tmux ehsfp-lanes / laneB,,runs when its lane reaches it
abl_cifar100_hsfp_memory_dropout_s4,Table VIII: + Prototype dropout,cifar100,h-sfp,hsfp_memory_dropout,IID,4,"frozen_journal_v1 (60 rounds, seeds 0-4)",60,107425682046b082 (launcher-args hash),9e785b9+dirty,queued,,,,tmux ehsfp-lanes / laneB,,runs when its lane reaches it
abl_cifar100_hsfp_memory_reliability_prc_s0,Table VIII: + Replay consistency,cifar100,h-sfp,hsfp_memory_reliability_prc,IID,0,"frozen_journal_v1 (60 rounds, seeds 0-4)",60,6c93e077f3cf9b6e (launcher-args hash),9e785b9+dirty,queued,,,,tmux ehsfp-lanes / laneB,,runs when its lane reaches it
abl_cifar100_hsfp_memory_reliability_prc_s1,Table VIII: + Replay consistency,cifar100,h-sfp,hsfp_memory_reliability_prc,IID,1,"frozen_journal_v1 (60 rounds, seeds 0-4)",60,ef7f70b351d6550a (launcher-args hash),9e785b9+dirty,queued,,,,tmux ehsfp-lanes / laneB,,runs when its lane reaches it
abl_cifar100_hsfp_memory_reliability_prc_s2,Table VIII: + Replay consistency,cifar100,h-sfp,hsfp_memory_reliability_prc,IID,2,"frozen_journal_v1 (60 rounds, seeds 0-4)",60,90eb0b09e2961948 (launcher-args hash),9e785b9+dirty,queued,,,,tmux ehsfp-lanes / laneB,,runs when its lane reaches it
abl_cifar100_hsfp_memory_reliability_prc_s3,Table VIII: + Replay consistency,cifar100,h-sfp,hsfp_memory_reliability_prc,IID,3,"frozen_journal_v1 (60 rounds, seeds 0-4)",60,54eb523d814a8692 (launcher-args hash),9e785b9+dirty,queued,,,,tmux ehsfp-lanes / laneB,,runs when its lane reaches it
abl_cifar100_hsfp_memory_reliability_prc_s4,Table VIII: + Replay consistency,cifar100,h-sfp,hsfp_memory_reliability_prc,IID,4,"frozen_journal_v1 (60 rounds, seeds 0-4)",60,4871480357fdc50f (launcher-args hash),9e785b9+dirty,queued,,,,tmux ehsfp-lanes / laneB,,runs when its lane reaches it
abl_cifar100_hsfp_memory_reliability_s0,Table VIII: + Reliability-aware aggregation,cifar100,h-sfp,hsfp_memory_reliability,IID,0,"frozen_journal_v1 (60 rounds, seeds 0-4)",60,e45ab2d02ca27a25 (launcher-args hash),9e785b9+dirty,queued,,,,tmux ehsfp-lanes / laneB,,runs when its lane reaches it
abl_cifar100_hsfp_memory_reliability_s1,Table VIII: + Reliability-aware aggregation,cifar100,h-sfp,hsfp_memory_reliability,IID,1,"frozen_journal_v1 (60 rounds, seeds 0-4)",60,e505698ba80b477f (launcher-args hash),9e785b9+dirty,queued,,,,tmux ehsfp-lanes / laneB,,runs when its lane reaches it
abl_cifar100_hsfp_memory_reliability_s2,Table VIII: + Reliability-aware aggregation,cifar100,h-sfp,hsfp_memory_reliability,IID,2,"frozen_journal_v1 (60 rounds, seeds 0-4)",60,fe3f1b6abb180f95 (launcher-args hash),9e785b9+dirty,queued,,,,tmux ehsfp-lanes / laneB,,runs when its lane reaches it
abl_cifar100_hsfp_memory_reliability_s3,Table VIII: + Reliability-aware aggregation,cifar100,h-sfp,hsfp_memory_reliability,IID,3,"frozen_journal_v1 (60 rounds, seeds 0-4)",60,749a77241354b972 (launcher-args hash),9e785b9+dirty,queued,,,,tmux ehsfp-lanes / laneB,,runs when its lane reaches it
abl_cifar100_hsfp_memory_reliability_s4,Table VIII: + Reliability-aware aggregation,cifar100,h-sfp,hsfp_memory_reliability,IID,4,"frozen_journal_v1 (60 rounds, seeds 0-4)",60,28a2e65f02df2be5 (launcher-args hash),9e785b9+dirty,queued,,,,tmux ehsfp-lanes / laneB,,runs when its lane reaches it
abl_cifar100_hsfp_memory_s0,Table VIII: + Episodic memory,cifar100,h-sfp,hsfp_memory,IID,0,"frozen_journal_v1 (60 rounds, seeds 0-4)",60,7eadac56fc08cf97 (launcher-args hash),9e785b9+dirty,running-healthy,4/60 (round in progress),,results/journal_v1/logs/abl_cifar100_hsfp_memory_s0.log,tmux ehsfp-lanes / laneC / pid 535015,,wait (lane continues automatically)
abl_cifar100_hsfp_memory_s1,Table VIII: + Episodic memory,cifar100,h-sfp,hsfp_memory,IID,1,"frozen_journal_v1 (60 rounds, seeds 0-4)",60,f7417deb710db0c7 (launcher-args hash),9e785b9+dirty,queued,,,,tmux ehsfp-lanes / laneB,,runs when its lane reaches it
abl_cifar100_hsfp_memory_s2,Table VIII: + Episodic memory,cifar100,h-sfp,hsfp_memory,IID,2,"frozen_journal_v1 (60 rounds, seeds 0-4)",60,44e50b1dbcd72259 (launcher-args hash),9e785b9+dirty,queued,,,,tmux ehsfp-lanes / laneB,,runs when its lane reaches it
abl_cifar100_hsfp_memory_s3,Table VIII: + Episodic memory,cifar100,h-sfp,hsfp_memory,IID,3,"frozen_journal_v1 (60 rounds, seeds 0-4)",60,659b0241055d8a3e (launcher-args hash),9e785b9+dirty,queued,,,,tmux ehsfp-lanes / laneB,,runs when its lane reaches it
abl_cifar100_hsfp_memory_s4,Table VIII: + Episodic memory,cifar100,h-sfp,hsfp_memory,IID,4,"frozen_journal_v1 (60 rounds, seeds 0-4)",60,e32627a765623a48 (launcher-args hash),9e785b9+dirty,queued,,,,tmux ehsfp-lanes / laneB,,runs when its lane reaches it
aggr_cifar100_average_clean_s0,Table X: Average | clean,cifar100,h-sfp,none [--set aggregation_mode=average --set use_episodic_memory=false --set use_prc_loss=false --set use_serverless_simulation=false --set use_residual_generator=false --set use_prototype_dropout=false],IID,0,"frozen_journal_v1 (60 rounds, seeds 0-4)",60,977b365a14c3d275 (launcher-args hash),9e785b9+dirty,queued,,,,tmux ehsfp-lanes / laneB,,runs when its lane reaches it
aggr_cifar100_average_clean_s1,Table X: Average | clean,cifar100,h-sfp,none [--set aggregation_mode=average --set use_episodic_memory=false --set use_prc_loss=false --set use_serverless_simulation=false --set use_residual_generator=false --set use_prototype_dropout=false],IID,1,"frozen_journal_v1 (60 rounds, seeds 0-4)",60,2d0c9fc471d51874 (launcher-args hash),9e785b9+dirty,queued,,,,tmux ehsfp-lanes / laneB,,runs when its lane reaches it
aggr_cifar100_average_clean_s2,Table X: Average | clean,cifar100,h-sfp,none [--set aggregation_mode=average --set use_episodic_memory=false --set use_prc_loss=false --set use_serverless_simulation=false --set use_residual_generator=false --set use_prototype_dropout=false],IID,2,"frozen_journal_v1 (60 rounds, seeds 0-4)",60,e4b785d66d75d335 (launcher-args hash),9e785b9+dirty,queued,,,,tmux ehsfp-lanes / laneB,,runs when its lane reaches it
aggr_cifar100_average_clean_s3,Table X: Average | clean,cifar100,h-sfp,none [--set aggregation_mode=average --set use_episodic_memory=false --set use_prc_loss=false --set use_serverless_simulation=false --set use_residual_generator=false --set use_prototype_dropout=false],IID,3,"frozen_journal_v1 (60 rounds, seeds 0-4)",60,60dd477539fa4e54 (launcher-args hash),9e785b9+dirty,queued,,,,tmux ehsfp-lanes / laneB,,runs when its lane reaches it
aggr_cifar100_average_clean_s4,Table X: Average | clean,cifar100,h-sfp,none [--set aggregation_mode=average --set use_episodic_memory=false --set use_prc_loss=false --set use_serverless_simulation=false --set use_residual_generator=false --set use_prototype_dropout=false],IID,4,"frozen_journal_v1 (60 rounds, seeds 0-4)",60,fa83f9fa013adf79 (launcher-args hash),9e785b9+dirty,queued,,,,tmux ehsfp-lanes / laneB,,runs when its lane reaches it
aggr_cifar100_average_drop_s0,Table X: Average | drop,cifar100,h-sfp,none [--set aggregation_mode=average --set use_episodic_memory=false --set use_prc_loss=false --set use_serverless_simulation=false --set use_residual_generator=false --set use_prototype_dropout=true --set prototype_dropout_rate=0.3],IID,0,"frozen_journal_v1 (60 rounds, seeds 0-4)",60,204b2ff3a7642cc2 (launcher-args hash),9e785b9+dirty,queued,,,,tmux ehsfp-lanes / laneB,,runs when its lane reaches it
aggr_cifar100_average_drop_s1,Table X: Average | drop,cifar100,h-sfp,none [--set aggregation_mode=average --set use_episodic_memory=false --set use_prc_loss=false --set use_serverless_simulation=false --set use_residual_generator=false --set use_prototype_dropout=true --set prototype_dropout_rate=0.3],IID,1,"frozen_journal_v1 (60 rounds, seeds 0-4)",60,318d56bab93cc508 (launcher-args hash),9e785b9+dirty,queued,,,,tmux ehsfp-lanes / laneB,,runs when its lane reaches it
aggr_cifar100_average_drop_s2,Table X: Average | drop,cifar100,h-sfp,none [--set aggregation_mode=average --set use_episodic_memory=false --set use_prc_loss=false --set use_serverless_simulation=false --set use_residual_generator=false --set use_prototype_dropout=true --set prototype_dropout_rate=0.3],IID,2,"frozen_journal_v1 (60 rounds, seeds 0-4)",60,9dbe0edb323a8c63 (launcher-args hash),9e785b9+dirty,queued,,,,tmux ehsfp-lanes / laneB,,runs when its lane reaches it
aggr_cifar100_average_drop_s3,Table X: Average | drop,cifar100,h-sfp,none [--set aggregation_mode=average --set use_episodic_memory=false --set use_prc_loss=false --set use_serverless_simulation=false --set use_residual_generator=false --set use_prototype_dropout=true --set prototype_dropout_rate=0.3],IID,3,"frozen_journal_v1 (60 rounds, seeds 0-4)",60,cc5d20f7bd002136 (launcher-args hash),9e785b9+dirty,queued,,,,tmux ehsfp-lanes / laneB,,runs when its lane reaches it
aggr_cifar100_average_drop_s4,Table X: Average | drop,cifar100,h-sfp,none [--set aggregation_mode=average --set use_episodic_memory=false --set use_prc_loss=false --set use_serverless_simulation=false --set use_residual_generator=false --set use_prototype_dropout=true --set prototype_dropout_rate=0.3],IID,4,"frozen_journal_v1 (60 rounds, seeds 0-4)",60,47b8f5656c045419 (launcher-args hash),9e785b9+dirty,queued,,,,tmux ehsfp-lanes / laneB,,runs when its lane reaches it
aggr_cifar100_average_stale_s0,Table X: Average | stale,cifar100,h-sfp,none [--set aggregation_mode=average --set use_episodic_memory=false --set use_prc_loss=false --set use_serverless_simulation=false --set use_residual_generator=false --set use_prototype_dropout=false --set staleness_tau=5],IID,0,"frozen_journal_v1 (60 rounds, seeds 0-4)",60,75ef01c14997f2b5 (launcher-args hash),9e785b9+dirty,queued,,,,tmux ehsfp-lanes / laneB,,runs when its lane reaches it
aggr_cifar100_average_stale_s1,Table X: Average | stale,cifar100,h-sfp,none [--set aggregation_mode=average --set use_episodic_memory=false --set use_prc_loss=false --set use_serverless_simulation=false --set use_residual_generator=false --set use_prototype_dropout=false --set staleness_tau=5],IID,1,"frozen_journal_v1 (60 rounds, seeds 0-4)",60,70e2423735bc9e39 (launcher-args hash),9e785b9+dirty,queued,,,,tmux ehsfp-lanes / laneB,,runs when its lane reaches it
aggr_cifar100_average_stale_s2,Table X: Average | stale,cifar100,h-sfp,none [--set aggregation_mode=average --set use_episodic_memory=false --set use_prc_loss=false --set use_serverless_simulation=false --set use_residual_generator=false --set use_prototype_dropout=false --set staleness_tau=5],IID,2,"frozen_journal_v1 (60 rounds, seeds 0-4)",60,fabd018d59ac6db0 (launcher-args hash),9e785b9+dirty,queued,,,,tmux ehsfp-lanes / laneB,,runs when its lane reaches it
aggr_cifar100_average_stale_s3,Table X: Average | stale,cifar100,h-sfp,none [--set aggregation_mode=average --set use_episodic_memory=false --set use_prc_loss=false --set use_serverless_simulation=false --set use_residual_generator=false --set use_prototype_dropout=false --set staleness_tau=5],IID,3,"frozen_journal_v1 (60 rounds, seeds 0-4)",60,1c9876349a78dc85 (launcher-args hash),9e785b9+dirty,queued,,,,tmux ehsfp-lanes / laneB,,runs when its lane reaches it
aggr_cifar100_average_stale_s4,Table X: Average | stale,cifar100,h-sfp,none [--set aggregation_mode=average --set use_episodic_memory=false --set use_prc_loss=false --set use_serverless_simulation=false --set use_residual_generator=false --set use_prototype_dropout=false --set staleness_tau=5],IID,4,"frozen_journal_v1 (60 rounds, seeds 0-4)",60,8ac5c7a091f9a1cc (launcher-args hash),9e785b9+dirty,queued,,,,tmux ehsfp-lanes / laneB,,runs when its lane reaches it
aggr_cifar100_learnable_reliability_clean_s0,Table X: Reliability-aware | clean,cifar100,h-sfp,none [--set aggregation_mode=learnable_reliability --set use_episodic_memory=false --set use_prc_loss=false --set use_serverless_simulation=false --set use_residual_generator=false --set use_prototype_dropout=false],IID,0,"frozen_journal_v1 (60 rounds, seeds 0-4)",60,126e8bf8e7f491d7 (launcher-args hash),9e785b9+dirty,queued,,,,tmux ehsfp-lanes / laneB,,runs when its lane reaches it
aggr_cifar100_learnable_reliability_clean_s1,Table X: Reliability-aware | clean,cifar100,h-sfp,none [--set aggregation_mode=learnable_reliability --set use_episodic_memory=false --set use_prc_loss=false --set use_serverless_simulation=false --set use_residual_generator=false --set use_prototype_dropout=false],IID,1,"frozen_journal_v1 (60 rounds, seeds 0-4)",60,021a420510e6aa62 (launcher-args hash),9e785b9+dirty,queued,,,,tmux ehsfp-lanes / laneB,,runs when its lane reaches it
aggr_cifar100_learnable_reliability_clean_s2,Table X: Reliability-aware | clean,cifar100,h-sfp,none [--set aggregation_mode=learnable_reliability --set use_episodic_memory=false --set use_prc_loss=false --set use_serverless_simulation=false --set use_residual_generator=false --set use_prototype_dropout=false],IID,2,"frozen_journal_v1 (60 rounds, seeds 0-4)",60,a6133bd02c406c6d (launcher-args hash),9e785b9+dirty,queued,,,,tmux ehsfp-lanes / laneB,,runs when its lane reaches it
aggr_cifar100_learnable_reliability_clean_s3,Table X: Reliability-aware | clean,cifar100,h-sfp,none [--set aggregation_mode=learnable_reliability --set use_episodic_memory=false --set use_prc_loss=false --set use_serverless_simulation=false --set use_residual_generator=false --set use_prototype_dropout=false],IID,3,"frozen_journal_v1 (60 rounds, seeds 0-4)",60,1e65d7b5a5ad8fbf (launcher-args hash),9e785b9+dirty,queued,,,,tmux ehsfp-lanes / laneB,,runs when its lane reaches it
aggr_cifar100_learnable_reliability_clean_s4,Table X: Reliability-aware | clean,cifar100,h-sfp,none [--set aggregation_mode=learnable_reliability --set use_episodic_memory=false --set use_prc_loss=false --set use_serverless_simulation=false --set use_residual_generator=false --set use_prototype_dropout=false],IID,4,"frozen_journal_v1 (60 rounds, seeds 0-4)",60,592d29e8e31e4638 (launcher-args hash),9e785b9+dirty,queued,,,,tmux ehsfp-lanes / laneB,,runs when its lane reaches it
aggr_cifar100_learnable_reliability_drop_s0,Table X: Reliability-aware | drop,cifar100,h-sfp,none [--set aggregation_mode=learnable_reliability --set use_episodic_memory=false --set use_prc_loss=false --set use_serverless_simulation=false --set use_residual_generator=false --set use_prototype_dropout=true --set prototype_dropout_rate=0.3],IID,0,"frozen_journal_v1 (60 rounds, seeds 0-4)",60,99cfc18812f82f7d (launcher-args hash),9e785b9+dirty,queued,,,,tmux ehsfp-lanes / laneB,,runs when its lane reaches it
aggr_cifar100_learnable_reliability_drop_s1,Table X: Reliability-aware | drop,cifar100,h-sfp,none [--set aggregation_mode=learnable_reliability --set use_episodic_memory=false --set use_prc_loss=false --set use_serverless_simulation=false --set use_residual_generator=false --set use_prototype_dropout=true --set prototype_dropout_rate=0.3],IID,1,"frozen_journal_v1 (60 rounds, seeds 0-4)",60,1f5a507da9635545 (launcher-args hash),9e785b9+dirty,queued,,,,tmux ehsfp-lanes / laneB,,runs when its lane reaches it
aggr_cifar100_learnable_reliability_drop_s2,Table X: Reliability-aware | drop,cifar100,h-sfp,none [--set aggregation_mode=learnable_reliability --set use_episodic_memory=false --set use_prc_loss=false --set use_serverless_simulation=false --set use_residual_generator=false --set use_prototype_dropout=true --set prototype_dropout_rate=0.3],IID,2,"frozen_journal_v1 (60 rounds, seeds 0-4)",60,c3a0e1bb07fcac9d (launcher-args hash),9e785b9+dirty,queued,,,,tmux ehsfp-lanes / laneB,,runs when its lane reaches it
aggr_cifar100_learnable_reliability_drop_s3,Table X: Reliability-aware | drop,cifar100,h-sfp,none [--set aggregation_mode=learnable_reliability --set use_episodic_memory=false --set use_prc_loss=false --set use_serverless_simulation=false --set use_residual_generator=false --set use_prototype_dropout=true --set prototype_dropout_rate=0.3],IID,3,"frozen_journal_v1 (60 rounds, seeds 0-4)",60,5d738dc4386d2f23 (launcher-args hash),9e785b9+dirty,queued,,,,tmux ehsfp-lanes / laneB,,runs when its lane reaches it
aggr_cifar100_learnable_reliability_drop_s4,Table X: Reliability-aware | drop,cifar100,h-sfp,none [--set aggregation_mode=learnable_reliability --set use_episodic_memory=false --set use_prc_loss=false --set use_serverless_simulation=false --set use_residual_generator=false --set use_prototype_dropout=true --set prototype_dropout_rate=0.3],IID,4,"frozen_journal_v1 (60 rounds, seeds 0-4)",60,e3410fe5421bfb6f (launcher-args hash),9e785b9+dirty,queued,,,,tmux ehsfp-lanes / laneB,,runs when its lane reaches it
aggr_cifar100_learnable_reliability_memory_clean_s0,Table X: Reliability-aware + memory | clean,cifar100,h-sfp,none [--set aggregation_mode=learnable_reliability --set use_episodic_memory=true --set use_prc_loss=false --set use_serverless_simulation=false --set use_residual_generator=false --set use_prototype_dropout=false],IID,0,"frozen_journal_v1 (60 rounds, seeds 0-4)",60,d24706481a3e68ca (launcher-args hash),9e785b9+dirty,queued,,,,tmux ehsfp-lanes / laneB,,runs when its lane reaches it
aggr_cifar100_learnable_reliability_memory_clean_s1,Table X: Reliability-aware + memory | clean,cifar100,h-sfp,none [--set aggregation_mode=learnable_reliability --set use_episodic_memory=true --set use_prc_loss=false --set use_serverless_simulation=false --set use_residual_generator=false --set use_prototype_dropout=false],IID,1,"frozen_journal_v1 (60 rounds, seeds 0-4)",60,70e61d01945adcc4 (launcher-args hash),9e785b9+dirty,queued,,,,tmux ehsfp-lanes / laneB,,runs when its lane reaches it
aggr_cifar100_learnable_reliability_memory_clean_s2,Table X: Reliability-aware + memory | clean,cifar100,h-sfp,none [--set aggregation_mode=learnable_reliability --set use_episodic_memory=true --set use_prc_loss=false --set use_serverless_simulation=false --set use_residual_generator=false --set use_prototype_dropout=false],IID,2,"frozen_journal_v1 (60 rounds, seeds 0-4)",60,b4602e0db5ffc5c6 (launcher-args hash),9e785b9+dirty,queued,,,,tmux ehsfp-lanes / laneB,,runs when its lane reaches it
aggr_cifar100_learnable_reliability_memory_clean_s3,Table X: Reliability-aware + memory | clean,cifar100,h-sfp,none [--set aggregation_mode=learnable_reliability --set use_episodic_memory=true --set use_prc_loss=false --set use_serverless_simulation=false --set use_residual_generator=false --set use_prototype_dropout=false],IID,3,"frozen_journal_v1 (60 rounds, seeds 0-4)",60,93bd7033a63e1630 (launcher-args hash),9e785b9+dirty,queued,,,,tmux ehsfp-lanes / laneB,,runs when its lane reaches it
aggr_cifar100_learnable_reliability_memory_clean_s4,Table X: Reliability-aware + memory | clean,cifar100,h-sfp,none [--set aggregation_mode=learnable_reliability --set use_episodic_memory=true --set use_prc_loss=false --set use_serverless_simulation=false --set use_residual_generator=false --set use_prototype_dropout=false],IID,4,"frozen_journal_v1 (60 rounds, seeds 0-4)",60,9de5041e35705847 (launcher-args hash),9e785b9+dirty,queued,,,,tmux ehsfp-lanes / laneB,,runs when its lane reaches it
aggr_cifar100_learnable_reliability_memory_drop_s0,Table X: Reliability-aware + memory | drop,cifar100,h-sfp,none [--set aggregation_mode=learnable_reliability --set use_episodic_memory=true --set use_prc_loss=false --set use_serverless_simulation=false --set use_residual_generator=false --set use_prototype_dropout=true --set prototype_dropout_rate=0.3],IID,0,"frozen_journal_v1 (60 rounds, seeds 0-4)",60,c7155ffb68c6b207 (launcher-args hash),9e785b9+dirty,queued,,,,tmux ehsfp-lanes / laneB,,runs when its lane reaches it
aggr_cifar100_learnable_reliability_memory_drop_s1,Table X: Reliability-aware + memory | drop,cifar100,h-sfp,none [--set aggregation_mode=learnable_reliability --set use_episodic_memory=true --set use_prc_loss=false --set use_serverless_simulation=false --set use_residual_generator=false --set use_prototype_dropout=true --set prototype_dropout_rate=0.3],IID,1,"frozen_journal_v1 (60 rounds, seeds 0-4)",60,eb0da2e55ce71104 (launcher-args hash),9e785b9+dirty,queued,,,,tmux ehsfp-lanes / laneB,,runs when its lane reaches it
aggr_cifar100_learnable_reliability_memory_drop_s2,Table X: Reliability-aware + memory | drop,cifar100,h-sfp,none [--set aggregation_mode=learnable_reliability --set use_episodic_memory=true --set use_prc_loss=false --set use_serverless_simulation=false --set use_residual_generator=false --set use_prototype_dropout=true --set prototype_dropout_rate=0.3],IID,2,"frozen_journal_v1 (60 rounds, seeds 0-4)",60,f84294338bbd1736 (launcher-args hash),9e785b9+dirty,queued,,,,tmux ehsfp-lanes / laneB,,runs when its lane reaches it
aggr_cifar100_learnable_reliability_memory_drop_s3,Table X: Reliability-aware + memory | drop,cifar100,h-sfp,none [--set aggregation_mode=learnable_reliability --set use_episodic_memory=true --set use_prc_loss=false --set use_serverless_simulation=false --set use_residual_generator=false --set use_prototype_dropout=true --set prototype_dropout_rate=0.3],IID,3,"frozen_journal_v1 (60 rounds, seeds 0-4)",60,5a8325e6ead74b54 (launcher-args hash),9e785b9+dirty,queued,,,,tmux ehsfp-lanes / laneB,,runs when its lane reaches it
aggr_cifar100_learnable_reliability_memory_drop_s4,Table X: Reliability-aware + memory | drop,cifar100,h-sfp,none [--set aggregation_mode=learnable_reliability --set use_episodic_memory=true --set use_prc_loss=false --set use_serverless_simulation=false --set use_residual_generator=false --set use_prototype_dropout=true --set prototype_dropout_rate=0.3],IID,4,"frozen_journal_v1 (60 rounds, seeds 0-4)",60,bd59a571a35138c2 (launcher-args hash),9e785b9+dirty,queued,,,,tmux ehsfp-lanes / laneB,,runs when its lane reaches it
aggr_cifar100_learnable_reliability_memory_stale_s0,Table X: Reliability-aware + memory | stale,cifar100,h-sfp,none [--set aggregation_mode=learnable_reliability --set use_episodic_memory=true --set use_prc_loss=false --set use_serverless_simulation=false --set use_residual_generator=false --set use_prototype_dropout=false --set staleness_tau=5],IID,0,"frozen_journal_v1 (60 rounds, seeds 0-4)",60,682e2af1eb1fe00c (launcher-args hash),9e785b9+dirty,queued,,,,tmux ehsfp-lanes / laneB,,runs when its lane reaches it
aggr_cifar100_learnable_reliability_memory_stale_s1,Table X: Reliability-aware + memory | stale,cifar100,h-sfp,none [--set aggregation_mode=learnable_reliability --set use_episodic_memory=true --set use_prc_loss=false --set use_serverless_simulation=false --set use_residual_generator=false --set use_prototype_dropout=false --set staleness_tau=5],IID,1,"frozen_journal_v1 (60 rounds, seeds 0-4)",60,7231fbeb82e43d78 (launcher-args hash),9e785b9+dirty,queued,,,,tmux ehsfp-lanes / laneB,,runs when its lane reaches it
aggr_cifar100_learnable_reliability_memory_stale_s2,Table X: Reliability-aware + memory | stale,cifar100,h-sfp,none [--set aggregation_mode=learnable_reliability --set use_episodic_memory=true --set use_prc_loss=false --set use_serverless_simulation=false --set use_residual_generator=false --set use_prototype_dropout=false --set staleness_tau=5],IID,2,"frozen_journal_v1 (60 rounds, seeds 0-4)",60,984c8b908675cddd (launcher-args hash),9e785b9+dirty,queued,,,,tmux ehsfp-lanes / laneB,,runs when its lane reaches it
aggr_cifar100_learnable_reliability_memory_stale_s3,Table X: Reliability-aware + memory | stale,cifar100,h-sfp,none [--set aggregation_mode=learnable_reliability --set use_episodic_memory=true --set use_prc_loss=false --set use_serverless_simulation=false --set use_residual_generator=false --set use_prototype_dropout=false --set staleness_tau=5],IID,3,"frozen_journal_v1 (60 rounds, seeds 0-4)",60,51792e37784a8117 (launcher-args hash),9e785b9+dirty,queued,,,,tmux ehsfp-lanes / laneB,,runs when its lane reaches it
aggr_cifar100_learnable_reliability_memory_stale_s4,Table X: Reliability-aware + memory | stale,cifar100,h-sfp,none [--set aggregation_mode=learnable_reliability --set use_episodic_memory=true --set use_prc_loss=false --set use_serverless_simulation=false --set use_residual_generator=false --set use_prototype_dropout=false --set staleness_tau=5],IID,4,"frozen_journal_v1 (60 rounds, seeds 0-4)",60,305991bdb08efe78 (launcher-args hash),9e785b9+dirty,queued,,,,tmux ehsfp-lanes / laneB,,runs when its lane reaches it
aggr_cifar100_learnable_reliability_stale_s0,Table X: Reliability-aware | stale,cifar100,h-sfp,none [--set aggregation_mode=learnable_reliability --set use_episodic_memory=false --set use_prc_loss=false --set use_serverless_simulation=false --set use_residual_generator=false --set use_prototype_dropout=false --set staleness_tau=5],IID,0,"frozen_journal_v1 (60 rounds, seeds 0-4)",60,76a1b10232dc96af (launcher-args hash),9e785b9+dirty,queued,,,,tmux ehsfp-lanes / laneB,,runs when its lane reaches it
aggr_cifar100_learnable_reliability_stale_s1,Table X: Reliability-aware | stale,cifar100,h-sfp,none [--set aggregation_mode=learnable_reliability --set use_episodic_memory=false --set use_prc_loss=false --set use_serverless_simulation=false --set use_residual_generator=false --set use_prototype_dropout=false --set staleness_tau=5],IID,1,"frozen_journal_v1 (60 rounds, seeds 0-4)",60,964883484afa681b (launcher-args hash),9e785b9+dirty,queued,,,,tmux ehsfp-lanes / laneB,,runs when its lane reaches it
aggr_cifar100_learnable_reliability_stale_s2,Table X: Reliability-aware | stale,cifar100,h-sfp,none [--set aggregation_mode=learnable_reliability --set use_episodic_memory=false --set use_prc_loss=false --set use_serverless_simulation=false --set use_residual_generator=false --set use_prototype_dropout=false --set staleness_tau=5],IID,2,"frozen_journal_v1 (60 rounds, seeds 0-4)",60,f5da7a35e6601572 (launcher-args hash),9e785b9+dirty,queued,,,,tmux ehsfp-lanes / laneB,,runs when its lane reaches it
aggr_cifar100_learnable_reliability_stale_s3,Table X: Reliability-aware | stale,cifar100,h-sfp,none [--set aggregation_mode=learnable_reliability --set use_episodic_memory=false --set use_prc_loss=false --set use_serverless_simulation=false --set use_residual_generator=false --set use_prototype_dropout=false --set staleness_tau=5],IID,3,"frozen_journal_v1 (60 rounds, seeds 0-4)",60,bee03eedd1a2a820 (launcher-args hash),9e785b9+dirty,queued,,,,tmux ehsfp-lanes / laneB,,runs when its lane reaches it
aggr_cifar100_learnable_reliability_stale_s4,Table X: Reliability-aware | stale,cifar100,h-sfp,none [--set aggregation_mode=learnable_reliability --set use_episodic_memory=false --set use_prc_loss=false --set use_serverless_simulation=false --set use_residual_generator=false --set use_prototype_dropout=false --set staleness_tau=5],IID,4,"frozen_journal_v1 (60 rounds, seeds 0-4)",60,187cd1ce0aea9177 (launcher-args hash),9e785b9+dirty,queued,,,,tmux ehsfp-lanes / laneB,,runs when its lane reaches it
aggr_cifar100_sample_count_weighted_clean_s0,Table X: Sample-count weighted | clean,cifar100,h-sfp,none [--set aggregation_mode=sample_count_weighted --set use_episodic_memory=false --set use_prc_loss=false --set use_serverless_simulation=false --set use_residual_generator=false --set use_prototype_dropout=false],IID,0,"frozen_journal_v1 (60 rounds, seeds 0-4)",60,f3c4c4243227b23c (launcher-args hash),9e785b9+dirty,queued,,,,tmux ehsfp-lanes / laneB,,runs when its lane reaches it
aggr_cifar100_sample_count_weighted_clean_s1,Table X: Sample-count weighted | clean,cifar100,h-sfp,none [--set aggregation_mode=sample_count_weighted --set use_episodic_memory=false --set use_prc_loss=false --set use_serverless_simulation=false --set use_residual_generator=false --set use_prototype_dropout=false],IID,1,"frozen_journal_v1 (60 rounds, seeds 0-4)",60,3e26f65142f043f7 (launcher-args hash),9e785b9+dirty,queued,,,,tmux ehsfp-lanes / laneB,,runs when its lane reaches it
aggr_cifar100_sample_count_weighted_clean_s2,Table X: Sample-count weighted | clean,cifar100,h-sfp,none [--set aggregation_mode=sample_count_weighted --set use_episodic_memory=false --set use_prc_loss=false --set use_serverless_simulation=false --set use_residual_generator=false --set use_prototype_dropout=false],IID,2,"frozen_journal_v1 (60 rounds, seeds 0-4)",60,36aa534d2f116db4 (launcher-args hash),9e785b9+dirty,queued,,,,tmux ehsfp-lanes / laneB,,runs when its lane reaches it
aggr_cifar100_sample_count_weighted_clean_s3,Table X: Sample-count weighted | clean,cifar100,h-sfp,none [--set aggregation_mode=sample_count_weighted --set use_episodic_memory=false --set use_prc_loss=false --set use_serverless_simulation=false --set use_residual_generator=false --set use_prototype_dropout=false],IID,3,"frozen_journal_v1 (60 rounds, seeds 0-4)",60,d7dec60fe115c909 (launcher-args hash),9e785b9+dirty,queued,,,,tmux ehsfp-lanes / laneB,,runs when its lane reaches it
aggr_cifar100_sample_count_weighted_clean_s4,Table X: Sample-count weighted | clean,cifar100,h-sfp,none [--set aggregation_mode=sample_count_weighted --set use_episodic_memory=false --set use_prc_loss=false --set use_serverless_simulation=false --set use_residual_generator=false --set use_prototype_dropout=false],IID,4,"frozen_journal_v1 (60 rounds, seeds 0-4)",60,0554e6b84610e3ec (launcher-args hash),9e785b9+dirty,queued,,,,tmux ehsfp-lanes / laneB,,runs when its lane reaches it
aggr_cifar100_sample_count_weighted_drop_s0,Table X: Sample-count weighted | drop,cifar100,h-sfp,none [--set aggregation_mode=sample_count_weighted --set use_episodic_memory=false --set use_prc_loss=false --set use_serverless_simulation=false --set use_residual_generator=false --set use_prototype_dropout=true --set prototype_dropout_rate=0.3],IID,0,"frozen_journal_v1 (60 rounds, seeds 0-4)",60,d787a5dca3252999 (launcher-args hash),9e785b9+dirty,queued,,,,tmux ehsfp-lanes / laneB,,runs when its lane reaches it
aggr_cifar100_sample_count_weighted_drop_s1,Table X: Sample-count weighted | drop,cifar100,h-sfp,none [--set aggregation_mode=sample_count_weighted --set use_episodic_memory=false --set use_prc_loss=false --set use_serverless_simulation=false --set use_residual_generator=false --set use_prototype_dropout=true --set prototype_dropout_rate=0.3],IID,1,"frozen_journal_v1 (60 rounds, seeds 0-4)",60,bea6827ec1da1d75 (launcher-args hash),9e785b9+dirty,queued,,,,tmux ehsfp-lanes / laneB,,runs when its lane reaches it
aggr_cifar100_sample_count_weighted_drop_s2,Table X: Sample-count weighted | drop,cifar100,h-sfp,none [--set aggregation_mode=sample_count_weighted --set use_episodic_memory=false --set use_prc_loss=false --set use_serverless_simulation=false --set use_residual_generator=false --set use_prototype_dropout=true --set prototype_dropout_rate=0.3],IID,2,"frozen_journal_v1 (60 rounds, seeds 0-4)",60,2074dc12028dc99e (launcher-args hash),9e785b9+dirty,queued,,,,tmux ehsfp-lanes / laneB,,runs when its lane reaches it
aggr_cifar100_sample_count_weighted_drop_s3,Table X: Sample-count weighted | drop,cifar100,h-sfp,none [--set aggregation_mode=sample_count_weighted --set use_episodic_memory=false --set use_prc_loss=false --set use_serverless_simulation=false --set use_residual_generator=false --set use_prototype_dropout=true --set prototype_dropout_rate=0.3],IID,3,"frozen_journal_v1 (60 rounds, seeds 0-4)",60,e58fb153c8d8c912 (launcher-args hash),9e785b9+dirty,queued,,,,tmux ehsfp-lanes / laneB,,runs when its lane reaches it
aggr_cifar100_sample_count_weighted_drop_s4,Table X: Sample-count weighted | drop,cifar100,h-sfp,none [--set aggregation_mode=sample_count_weighted --set use_episodic_memory=false --set use_prc_loss=false --set use_serverless_simulation=false --set use_residual_generator=false --set use_prototype_dropout=true --set prototype_dropout_rate=0.3],IID,4,"frozen_journal_v1 (60 rounds, seeds 0-4)",60,167f75007efe24ab (launcher-args hash),9e785b9+dirty,queued,,,,tmux ehsfp-lanes / laneB,,runs when its lane reaches it
aggr_cifar100_sample_count_weighted_stale_s0,Table X: Sample-count weighted | stale,cifar100,h-sfp,none [--set aggregation_mode=sample_count_weighted --set use_episodic_memory=false --set use_prc_loss=false --set use_serverless_simulation=false --set use_residual_generator=false --set use_prototype_dropout=false --set staleness_tau=5],IID,0,"frozen_journal_v1 (60 rounds, seeds 0-4)",60,7b88a2eb702427f0 (launcher-args hash),9e785b9+dirty,queued,,,,tmux ehsfp-lanes / laneB,,runs when its lane reaches it
aggr_cifar100_sample_count_weighted_stale_s1,Table X: Sample-count weighted | stale,cifar100,h-sfp,none [--set aggregation_mode=sample_count_weighted --set use_episodic_memory=false --set use_prc_loss=false --set use_serverless_simulation=false --set use_residual_generator=false --set use_prototype_dropout=false --set staleness_tau=5],IID,1,"frozen_journal_v1 (60 rounds, seeds 0-4)",60,32bc5f70347cf547 (launcher-args hash),9e785b9+dirty,queued,,,,tmux ehsfp-lanes / laneB,,runs when its lane reaches it
aggr_cifar100_sample_count_weighted_stale_s2,Table X: Sample-count weighted | stale,cifar100,h-sfp,none [--set aggregation_mode=sample_count_weighted --set use_episodic_memory=false --set use_prc_loss=false --set use_serverless_simulation=false --set use_residual_generator=false --set use_prototype_dropout=false --set staleness_tau=5],IID,2,"frozen_journal_v1 (60 rounds, seeds 0-4)",60,be6a1c50baf63d7b (launcher-args hash),9e785b9+dirty,queued,,,,tmux ehsfp-lanes / laneB,,runs when its lane reaches it
aggr_cifar100_sample_count_weighted_stale_s3,Table X: Sample-count weighted | stale,cifar100,h-sfp,none [--set aggregation_mode=sample_count_weighted --set use_episodic_memory=false --set use_prc_loss=false --set use_serverless_simulation=false --set use_residual_generator=false --set use_prototype_dropout=false --set staleness_tau=5],IID,3,"frozen_journal_v1 (60 rounds, seeds 0-4)",60,ffa393ab864f27ca (launcher-args hash),9e785b9+dirty,queued,,,,tmux ehsfp-lanes / laneB,,runs when its lane reaches it
aggr_cifar100_sample_count_weighted_stale_s4,Table X: Sample-count weighted | stale,cifar100,h-sfp,none [--set aggregation_mode=sample_count_weighted --set use_episodic_memory=false --set use_prc_loss=false --set use_serverless_simulation=false --set use_residual_generator=false --set use_prototype_dropout=false --set staleness_tau=5],IID,4,"frozen_journal_v1 (60 rounds, seeds 0-4)",60,301f7e08305c35e6 (launcher-args hash),9e785b9+dirty,queued,,,,tmux ehsfp-lanes / laneB,,runs when its lane reaches it
comm200_cifar100_ehsfp_s0,Table XIII: E-HSFP (200 rounds),cifar100,h-sfp,full_e_hsfp [--set epochs=200],IID,0,"comm200 (200 rounds, single seed, Table XIII only)",200,373d1d3d57fb0f17 (launcher-args hash),9e785b9+dirty,queued,,,,tmux ehsfp-lanes / laneB,,runs when its lane reaches it
dropout_cifar100_p0p0_s0,Table III: p=0,cifar100,h-sfp,full_e_hsfp [--set prototype_dropout_rate=0.0],IID,0,"frozen_journal_v1 (60 rounds, seeds 0-4)",60,e5ba65cee90c7b6c (launcher-args hash),9e785b9+dirty,queued,,,,tmux ehsfp-lanes / laneB,,runs when its lane reaches it
dropout_cifar100_p0p0_s1,Table III: p=0,cifar100,h-sfp,full_e_hsfp [--set prototype_dropout_rate=0.0],IID,1,"frozen_journal_v1 (60 rounds, seeds 0-4)",60,8800912f36043e6d (launcher-args hash),9e785b9+dirty,queued,,,,tmux ehsfp-lanes / laneB,,runs when its lane reaches it
dropout_cifar100_p0p0_s2,Table III: p=0,cifar100,h-sfp,full_e_hsfp [--set prototype_dropout_rate=0.0],IID,2,"frozen_journal_v1 (60 rounds, seeds 0-4)",60,3440a281d8324855 (launcher-args hash),9e785b9+dirty,queued,,,,tmux ehsfp-lanes / laneB,,runs when its lane reaches it
dropout_cifar100_p0p0_s3,Table III: p=0,cifar100,h-sfp,full_e_hsfp [--set prototype_dropout_rate=0.0],IID,3,"frozen_journal_v1 (60 rounds, seeds 0-4)",60,01897342ef4233f7 (launcher-args hash),9e785b9+dirty,queued,,,,tmux ehsfp-lanes / laneB,,runs when its lane reaches it
dropout_cifar100_p0p0_s4,Table III: p=0,cifar100,h-sfp,full_e_hsfp [--set prototype_dropout_rate=0.0],IID,4,"frozen_journal_v1 (60 rounds, seeds 0-4)",60,2021e052dc8cb5f3 (launcher-args hash),9e785b9+dirty,queued,,,,tmux ehsfp-lanes / laneB,,runs when its lane reaches it
dropout_cifar100_p0p1_s0,Table III: p=0.1,cifar100,h-sfp,full_e_hsfp [--set prototype_dropout_rate=0.1],IID,0,"frozen_journal_v1 (60 rounds, seeds 0-4)",60,4cdd408c687f9659 (launcher-args hash),9e785b9+dirty,queued,,,,tmux ehsfp-lanes / laneB,,runs when its lane reaches it
dropout_cifar100_p0p1_s1,Table III: p=0.1,cifar100,h-sfp,full_e_hsfp [--set prototype_dropout_rate=0.1],IID,1,"frozen_journal_v1 (60 rounds, seeds 0-4)",60,a884ecb6dfbe2193 (launcher-args hash),9e785b9+dirty,queued,,,,tmux ehsfp-lanes / laneB,,runs when its lane reaches it
dropout_cifar100_p0p1_s2,Table III: p=0.1,cifar100,h-sfp,full_e_hsfp [--set prototype_dropout_rate=0.1],IID,2,"frozen_journal_v1 (60 rounds, seeds 0-4)",60,8863a9c4b7b2f15a (launcher-args hash),9e785b9+dirty,queued,,,,tmux ehsfp-lanes / laneB,,runs when its lane reaches it
dropout_cifar100_p0p1_s3,Table III: p=0.1,cifar100,h-sfp,full_e_hsfp [--set prototype_dropout_rate=0.1],IID,3,"frozen_journal_v1 (60 rounds, seeds 0-4)",60,7fe1d810742b9e32 (launcher-args hash),9e785b9+dirty,queued,,,,tmux ehsfp-lanes / laneB,,runs when its lane reaches it
dropout_cifar100_p0p1_s4,Table III: p=0.1,cifar100,h-sfp,full_e_hsfp [--set prototype_dropout_rate=0.1],IID,4,"frozen_journal_v1 (60 rounds, seeds 0-4)",60,89fdf08505711f4c (launcher-args hash),9e785b9+dirty,queued,,,,tmux ehsfp-lanes / laneB,,runs when its lane reaches it
dropout_cifar100_p0p3_s0,Table III: p=0.3,cifar100,h-sfp,full_e_hsfp [--set prototype_dropout_rate=0.3],IID,0,"frozen_journal_v1 (60 rounds, seeds 0-4)",60,f2d5759b82b8dc74 (launcher-args hash),9e785b9+dirty,queued,,,,tmux ehsfp-lanes / laneB,,runs when its lane reaches it
dropout_cifar100_p0p3_s1,Table III: p=0.3,cifar100,h-sfp,full_e_hsfp [--set prototype_dropout_rate=0.3],IID,1,"frozen_journal_v1 (60 rounds, seeds 0-4)",60,e891ccb581ce5f81 (launcher-args hash),9e785b9+dirty,queued,,,,tmux ehsfp-lanes / laneB,,runs when its lane reaches it
dropout_cifar100_p0p3_s2,Table III: p=0.3,cifar100,h-sfp,full_e_hsfp [--set prototype_dropout_rate=0.3],IID,2,"frozen_journal_v1 (60 rounds, seeds 0-4)",60,64a3d00fe600af2b (launcher-args hash),9e785b9+dirty,queued,,,,tmux ehsfp-lanes / laneB,,runs when its lane reaches it
dropout_cifar100_p0p3_s3,Table III: p=0.3,cifar100,h-sfp,full_e_hsfp [--set prototype_dropout_rate=0.3],IID,3,"frozen_journal_v1 (60 rounds, seeds 0-4)",60,8d196f52be2b8e45 (launcher-args hash),9e785b9+dirty,queued,,,,tmux ehsfp-lanes / laneB,,runs when its lane reaches it
dropout_cifar100_p0p3_s4,Table III: p=0.3,cifar100,h-sfp,full_e_hsfp [--set prototype_dropout_rate=0.3],IID,4,"frozen_journal_v1 (60 rounds, seeds 0-4)",60,91bef821c204d5b1 (launcher-args hash),9e785b9+dirty,queued,,,,tmux ehsfp-lanes / laneB,,runs when its lane reaches it
dropout_cifar100_p0p5_s0,Table III: p=0.5,cifar100,h-sfp,full_e_hsfp [--set prototype_dropout_rate=0.5],IID,0,"frozen_journal_v1 (60 rounds, seeds 0-4)",60,19bd250758db743e (launcher-args hash),9e785b9+dirty,queued,,,,tmux ehsfp-lanes / laneB,,runs when its lane reaches it
dropout_cifar100_p0p5_s1,Table III: p=0.5,cifar100,h-sfp,full_e_hsfp [--set prototype_dropout_rate=0.5],IID,1,"frozen_journal_v1 (60 rounds, seeds 0-4)",60,69f0f95c8416ec74 (launcher-args hash),9e785b9+dirty,queued,,,,tmux ehsfp-lanes / laneB,,runs when its lane reaches it
dropout_cifar100_p0p5_s2,Table III: p=0.5,cifar100,h-sfp,full_e_hsfp [--set prototype_dropout_rate=0.5],IID,2,"frozen_journal_v1 (60 rounds, seeds 0-4)",60,7397762928662e6c (launcher-args hash),9e785b9+dirty,queued,,,,tmux ehsfp-lanes / laneB,,runs when its lane reaches it
dropout_cifar100_p0p5_s3,Table III: p=0.5,cifar100,h-sfp,full_e_hsfp [--set prototype_dropout_rate=0.5],IID,3,"frozen_journal_v1 (60 rounds, seeds 0-4)",60,b0300a1a334d2d9f (launcher-args hash),9e785b9+dirty,queued,,,,tmux ehsfp-lanes / laneB,,runs when its lane reaches it
dropout_cifar100_p0p5_s4,Table III: p=0.5,cifar100,h-sfp,full_e_hsfp [--set prototype_dropout_rate=0.5],IID,4,"frozen_journal_v1 (60 rounds, seeds 0-4)",60,90773a3ffcf4aa74 (launcher-args hash),9e785b9+dirty,queued,,,,tmux ehsfp-lanes / laneB,,runs when its lane reaches it
fed_cifar100_fednova_s0,Table I: FedNova [cifar100],cifar100,federated,none,IID,0,"frozen_journal_v1 (60 rounds, seeds 0-4)",60,a06fa7daebfcdd7e (launcher-args hash),9e785b9+dirty,queued,,,,tmux ehsfp-lanes / laneB,,runs when its lane reaches it
fed_cifar100_fednova_s1,Table I: FedNova [cifar100],cifar100,federated,none,IID,1,"frozen_journal_v1 (60 rounds, seeds 0-4)",60,78cf4dfefc202c6c (launcher-args hash),9e785b9+dirty,queued,,,,tmux ehsfp-lanes / laneB,,runs when its lane reaches it
fed_cifar100_fednova_s2,Table I: FedNova [cifar100],cifar100,federated,none,IID,2,"frozen_journal_v1 (60 rounds, seeds 0-4)",60,ef8c27b90cb90edd (launcher-args hash),9e785b9+dirty,queued,,,,tmux ehsfp-lanes / laneB,,runs when its lane reaches it
fed_cifar100_fednova_s3,Table I: FedNova [cifar100],cifar100,federated,none,IID,3,"frozen_journal_v1 (60 rounds, seeds 0-4)",60,ae785317c38375b6 (launcher-args hash),9e785b9+dirty,queued,,,,tmux ehsfp-lanes / laneB,,runs when its lane reaches it
fed_cifar100_fednova_s4,Table I: FedNova [cifar100],cifar100,federated,none,IID,4,"frozen_journal_v1 (60 rounds, seeds 0-4)",60,500776fd3d5775c0 (launcher-args hash),9e785b9+dirty,queued,,,,tmux ehsfp-lanes / laneB,,runs when its lane reaches it
fed_cifar100_fedprox_s0,Table I: FedProx [cifar100],cifar100,federated,none,IID,0,"frozen_journal_v1 (60 rounds, seeds 0-4)",60,0dd35b906b4ff865 (launcher-args hash),9e785b9+dirty,running-healthy,13/60 (round in progress),,results/journal_v1/logs/fed_cifar100_fedprox_s0.log,tmux ehsfp-lanes / laneB / pid 512999,,wait (lane continues automatically)
fed_cifar100_fedprox_s1,Table I: FedProx [cifar100],cifar100,federated,none,IID,1,"frozen_journal_v1 (60 rounds, seeds 0-4)",60,8f23ce59c4695161 (launcher-args hash),9e785b9+dirty,queued,,,,tmux ehsfp-lanes / laneB,,runs when its lane reaches it
fed_cifar100_fedprox_s2,Table I: FedProx [cifar100],cifar100,federated,none,IID,2,"frozen_journal_v1 (60 rounds, seeds 0-4)",60,fb996b358fe41f37 (launcher-args hash),9e785b9+dirty,queued,,,,tmux ehsfp-lanes / laneB,,runs when its lane reaches it
fed_cifar100_fedprox_s3,Table I: FedProx [cifar100],cifar100,federated,none,IID,3,"frozen_journal_v1 (60 rounds, seeds 0-4)",60,8c440e6c6dcecf81 (launcher-args hash),9e785b9+dirty,queued,,,,tmux ehsfp-lanes / laneB,,runs when its lane reaches it
fed_cifar100_fedprox_s4,Table I: FedProx [cifar100],cifar100,federated,none,IID,4,"frozen_journal_v1 (60 rounds, seeds 0-4)",60,05e873276c14dfb9 (launcher-args hash),9e785b9+dirty,queued,,,,tmux ehsfp-lanes / laneB,,runs when its lane reaches it
fed_cifar10_fednova_s0,Table I: FedNova [cifar10],cifar10,federated,none,IID,0,"frozen_journal_v1 (60 rounds, seeds 0-4)",60,a52cc2797e21a9b5 (launcher-args hash),9e785b9+dirty,queued,,,,tmux ehsfp-lanes / laneB,,runs when its lane reaches it
fed_cifar10_fednova_s1,Table I: FedNova [cifar10],cifar10,federated,none,IID,1,"frozen_journal_v1 (60 rounds, seeds 0-4)",60,0cd27dbebfa16db6 (launcher-args hash),9e785b9+dirty,queued,,,,tmux ehsfp-lanes / laneB,,runs when its lane reaches it
fed_cifar10_fednova_s2,Table I: FedNova [cifar10],cifar10,federated,none,IID,2,"frozen_journal_v1 (60 rounds, seeds 0-4)",60,2467b63f9514b281 (launcher-args hash),9e785b9+dirty,queued,,,,tmux ehsfp-lanes / laneB,,runs when its lane reaches it
fed_cifar10_fednova_s3,Table I: FedNova [cifar10],cifar10,federated,none,IID,3,"frozen_journal_v1 (60 rounds, seeds 0-4)",60,e332cbf1ba859de5 (launcher-args hash),9e785b9+dirty,queued,,,,tmux ehsfp-lanes / laneB,,runs when its lane reaches it
fed_cifar10_fednova_s4,Table I: FedNova [cifar10],cifar10,federated,none,IID,4,"frozen_journal_v1 (60 rounds, seeds 0-4)",60,c84af4b1afc5e840 (launcher-args hash),9e785b9+dirty,queued,,,,tmux ehsfp-lanes / laneB,,runs when its lane reaches it
fed_cifar10_fedprox_s0,Table I: FedProx [cifar10],cifar10,federated,none,IID,0,"frozen_journal_v1 (60 rounds, seeds 0-4)",60,e81a315cae52ae1c (launcher-args hash),9e785b9+dirty,completed-valid,60/60,,results/journal_v1/logs/fed_cifar10_fedprox_s0.log,,,
fed_cifar10_fedprox_s1,Table I: FedProx [cifar10],cifar10,federated,none,IID,1,"frozen_journal_v1 (60 rounds, seeds 0-4)",60,0ae41f2f57f41c73 (launcher-args hash),9e785b9+dirty,queued,,,,tmux ehsfp-lanes / laneB,,runs when its lane reaches it
fed_cifar10_fedprox_s2,Table I: FedProx [cifar10],cifar10,federated,none,IID,2,"frozen_journal_v1 (60 rounds, seeds 0-4)",60,d20ace9fb9386ee7 (launcher-args hash),9e785b9+dirty,queued,,,,tmux ehsfp-lanes / laneB,,runs when its lane reaches it
fed_cifar10_fedprox_s3,Table I: FedProx [cifar10],cifar10,federated,none,IID,3,"frozen_journal_v1 (60 rounds, seeds 0-4)",60,28b76dabc299bb04 (launcher-args hash),9e785b9+dirty,queued,,,,tmux ehsfp-lanes / laneB,,runs when its lane reaches it
fed_cifar10_fedprox_s4,Table I: FedProx [cifar10],cifar10,federated,none,IID,4,"frozen_journal_v1 (60 rounds, seeds 0-4)",60,9a4a0ab4122c866e (launcher-args hash),9e785b9+dirty,queued,,,,tmux ehsfp-lanes / laneB,,runs when its lane reaches it
fed_ham10000_fednova_s0,Table I: FedNova [ham10000],ham10000,federated,none,IID,0,"frozen_journal_v1 (60 rounds, seeds 0-4)",60,3cf26eaeba6db17f (launcher-args hash),9e785b9+dirty,queued,,,,tmux ehsfp-lanes / laneB,,runs when its lane reaches it
fed_ham10000_fednova_s1,Table I: FedNova [ham10000],ham10000,federated,none,IID,1,"frozen_journal_v1 (60 rounds, seeds 0-4)",60,16c3041378e8a451 (launcher-args hash),9e785b9+dirty,queued,,,,tmux ehsfp-lanes / laneB,,runs when its lane reaches it
fed_ham10000_fednova_s2,Table I: FedNova [ham10000],ham10000,federated,none,IID,2,"frozen_journal_v1 (60 rounds, seeds 0-4)",60,60c95c3ca9b0bfe8 (launcher-args hash),9e785b9+dirty,queued,,,,tmux ehsfp-lanes / laneB,,runs when its lane reaches it
fed_ham10000_fednova_s3,Table I: FedNova [ham10000],ham10000,federated,none,IID,3,"frozen_journal_v1 (60 rounds, seeds 0-4)",60,e2863c7db7d59549 (launcher-args hash),9e785b9+dirty,queued,,,,tmux ehsfp-lanes / laneB,,runs when its lane reaches it
fed_ham10000_fednova_s4,Table I: FedNova [ham10000],ham10000,federated,none,IID,4,"frozen_journal_v1 (60 rounds, seeds 0-4)",60,0161e1059a24db64 (launcher-args hash),9e785b9+dirty,queued,,,,tmux ehsfp-lanes / laneB,,runs when its lane reaches it
fed_ham10000_fedprox_s0,Table I: FedProx [ham10000],ham10000,federated,none,IID,0,"frozen_journal_v1 (60 rounds, seeds 0-4)",60,a13602ff736e0ebc (launcher-args hash),9e785b9+dirty,queued,,,,tmux ehsfp-lanes / laneB,,runs when its lane reaches it
fed_ham10000_fedprox_s1,Table I: FedProx [ham10000],ham10000,federated,none,IID,1,"frozen_journal_v1 (60 rounds, seeds 0-4)",60,8d565c5f172e1b98 (launcher-args hash),9e785b9+dirty,queued,,,,tmux ehsfp-lanes / laneB,,runs when its lane reaches it
fed_ham10000_fedprox_s2,Table I: FedProx [ham10000],ham10000,federated,none,IID,2,"frozen_journal_v1 (60 rounds, seeds 0-4)",60,de5c7c1e2ae89904 (launcher-args hash),9e785b9+dirty,queued,,,,tmux ehsfp-lanes / laneB,,runs when its lane reaches it
fed_ham10000_fedprox_s3,Table I: FedProx [ham10000],ham10000,federated,none,IID,3,"frozen_journal_v1 (60 rounds, seeds 0-4)",60,887176af0f5b7924 (launcher-args hash),9e785b9+dirty,queued,,,,tmux ehsfp-lanes / laneB,,runs when its lane reaches it
fed_ham10000_fedprox_s4,Table I: FedProx [ham10000],ham10000,federated,none,IID,4,"frozen_journal_v1 (60 rounds, seeds 0-4)",60,385fb24df8e89c16 (launcher-args hash),9e785b9+dirty,queued,,,,tmux ehsfp-lanes / laneB,,runs when its lane reaches it
main_cifar100_ehsfp_s0,Table I: E-HSFP [cifar100]; Table III: p=0.2; Table IV: tau=0; Table VI: cifar100 | IID | E-HSFP; Table VIII: Full E-HSFP; Table XI: Diagonal Gaussian,cifar100,h-sfp,full_e_hsfp,IID,0,"frozen_journal_v1 (60 rounds, seeds 0-4)",60,31b9943e995da7d22a185728149604478c777c2219a0f8d55318db66116faf23,9e785b9+dirty,completed-valid,60/60,/home/jackson/Desktop/Split-Federated-Merging-Learning/outputs/journal_v1/main_cifar100_ehsfp_s0/2ddc3d9efc2c/31b9943e995da7d22a185728149604478c777c2219a0f8d55318db66116faf23/checkpoint.pt,results/journal_v1/logs/main_cifar100_ehsfp_s0.log,,,
main_cifar100_ehsfp_s1,Table I: E-HSFP [cifar100]; Table III: p=0.2; Table IV: tau=0; Table VI: cifar100 | IID | E-HSFP; Table VIII: Full E-HSFP; Table XI: Diagonal Gaussian,cifar100,h-sfp,full_e_hsfp,IID,1,"frozen_journal_v1 (60 rounds, seeds 0-4)",60,333c08d14eddd3e26ee645c76ebbb3998adcd8aaeadf5a6d45845dfe72dcc92d,9e785b9+dirty,completed-valid,60/60,/home/jackson/Desktop/Split-Federated-Merging-Learning/outputs/journal_v1/main_cifar100_ehsfp_s1/2ddc3d9efc2c/333c08d14eddd3e26ee645c76ebbb3998adcd8aaeadf5a6d45845dfe72dcc92d/checkpoint.pt,results/journal_v1/logs/main_cifar100_ehsfp_s1.log,,,
main_cifar100_ehsfp_s2,Table I: E-HSFP [cifar100]; Table III: p=0.2; Table IV: tau=0; Table VI: cifar100 | IID | E-HSFP; Table VIII: Full E-HSFP; Table XI: Diagonal Gaussian,cifar100,h-sfp,full_e_hsfp,IID,2,"frozen_journal_v1 (60 rounds, seeds 0-4)",60,2718070cfcf6f97361a257ab6c140ff2bebdfbdabea891906c8b584401b6cc6c,9e785b9+dirty,completed-valid,60/60,/home/jackson/Desktop/Split-Federated-Merging-Learning/outputs/journal_v1/main_cifar100_ehsfp_s2/2ddc3d9efc2c/2718070cfcf6f97361a257ab6c140ff2bebdfbdabea891906c8b584401b6cc6c/checkpoint.pt,results/journal_v1/logs/main_cifar100_ehsfp_s2.log,,,
main_cifar100_ehsfp_s3,Table I: E-HSFP [cifar100]; Table III: p=0.2; Table IV: tau=0; Table VI: cifar100 | IID | E-HSFP; Table VIII: Full E-HSFP; Table XI: Diagonal Gaussian,cifar100,h-sfp,full_e_hsfp,IID,3,"frozen_journal_v1 (60 rounds, seeds 0-4)",60,38e7d9292a2929d6d61d8096cb0ee1bc2f19acd96562c722f877fbe1c82b67ce,9e785b9+dirty,completed-valid,60/60,/home/jackson/Desktop/Split-Federated-Merging-Learning/outputs/journal_v1/main_cifar100_ehsfp_s3/2ddc3d9efc2c/38e7d9292a2929d6d61d8096cb0ee1bc2f19acd96562c722f877fbe1c82b67ce/checkpoint.pt,results/journal_v1/logs/main_cifar100_ehsfp_s3.log,,,
main_cifar100_ehsfp_s4,Table I: E-HSFP [cifar100]; Table III: p=0.2; Table IV: tau=0; Table VI: cifar100 | IID | E-HSFP; Table VIII: Full E-HSFP; Table XI: Diagonal Gaussian,cifar100,h-sfp,full_e_hsfp,IID,4,"frozen_journal_v1 (60 rounds, seeds 0-4)",60,9a8b2822fbbeaea00e2f4364001b7aedaf92aaabfeb5152c048913bd22c622f0,9e785b9+dirty,completed-valid,60/60,/home/jackson/Desktop/Split-Federated-Merging-Learning/outputs/journal_v1/main_cifar100_ehsfp_s4/2ddc3d9efc2c/9a8b2822fbbeaea00e2f4364001b7aedaf92aaabfeb5152c048913bd22c622f0/checkpoint.pt,results/journal_v1/logs/main_cifar100_ehsfp_s4.log,,,
main_cifar100_federated_s0,Table I: FedAvg [cifar100],cifar100,federated,none,IID,0,"frozen_journal_v1 (60 rounds, seeds 0-4)",60,5a2ee590d756d142 (launcher-args hash),9e785b9+dirty,completed-valid,60/60,,results/journal_v1/logs/main_cifar100_federated_s0.log,,,
main_cifar100_federated_s1,Table I: FedAvg [cifar100],cifar100,federated,none,IID,1,"frozen_journal_v1 (60 rounds, seeds 0-4)",60,08f43f1e81cb3bd7 (launcher-args hash),9e785b9+dirty,completed-valid,60/60,,results/journal_v1/logs/main_cifar100_federated_s1.log,,,
main_cifar100_federated_s2,Table I: FedAvg [cifar100],cifar100,federated,none,IID,2,"frozen_journal_v1 (60 rounds, seeds 0-4)",60,01e8f335bea1ea98 (launcher-args hash),9e785b9+dirty,completed-valid,60/60,,results/journal_v1/logs/main_cifar100_federated_s2.log,,,
main_cifar100_federated_s3,Table I: FedAvg [cifar100],cifar100,federated,none,IID,3,"frozen_journal_v1 (60 rounds, seeds 0-4)",60,0f855e98e905fe66 (launcher-args hash),9e785b9+dirty,completed-valid,60/60,,results/journal_v1/logs/main_cifar100_federated_s3.log,,,
main_cifar100_federated_s4,Table I: FedAvg [cifar100],cifar100,federated,none,IID,4,"frozen_journal_v1 (60 rounds, seeds 0-4)",60,558e6b25e95747af (launcher-args hash),9e785b9+dirty,completed-valid,60/60,,results/journal_v1/logs/main_cifar100_federated_s4.log,,,
main_cifar100_hetero-sfl_s0,Table I: HeteroSFL [cifar100],cifar100,hetero-sfl,none,IID,0,"frozen_journal_v1 (60 rounds, seeds 0-4)",60,701cabab2cc99863 (launcher-args hash),9e785b9+dirty,completed-valid,60/60,,results/journal_v1/logs/main_cifar100_hetero-sfl_s0.log,,,
main_cifar100_hetero-sfl_s1,Table I: HeteroSFL [cifar100],cifar100,hetero-sfl,none,IID,1,"frozen_journal_v1 (60 rounds, seeds 0-4)",60,6c6e969350a5a226 (launcher-args hash),9e785b9+dirty,completed-valid,60/60,,results/journal_v1/logs/main_cifar100_hetero-sfl_s1.log,,,
main_cifar100_hetero-sfl_s2,Table I: HeteroSFL [cifar100],cifar100,hetero-sfl,none,IID,2,"frozen_journal_v1 (60 rounds, seeds 0-4)",60,deff20920e282161 (launcher-args hash),9e785b9+dirty,completed-valid,60/60,,results/journal_v1/logs/main_cifar100_hetero-sfl_s2.log,,,
main_cifar100_hetero-sfl_s3,Table I: HeteroSFL [cifar100],cifar100,hetero-sfl,none,IID,3,"frozen_journal_v1 (60 rounds, seeds 0-4)",60,baa9dc44c54ef796 (launcher-args hash),9e785b9+dirty,completed-valid,60/60,,results/journal_v1/logs/main_cifar100_hetero-sfl_s3.log,,,
main_cifar100_hetero-sfl_s4,Table I: HeteroSFL [cifar100],cifar100,hetero-sfl,none,IID,4,"frozen_journal_v1 (60 rounds, seeds 0-4)",60,87783a0341e99ee5 (launcher-args hash),9e785b9+dirty,completed-valid,60/60,,results/journal_v1/logs/main_cifar100_hetero-sfl_s4.log,,,
main_cifar100_hierfl_s0,Table I: HierFL [cifar100],cifar100,hierfl,none,IID,0,"frozen_journal_v1 (60 rounds, seeds 0-4)",60,ed771f8bf392ce72 (launcher-args hash),9e785b9+dirty,completed-valid,60/60,,results/journal_v1/logs/main_cifar100_hierfl_s0.log,,,
main_cifar100_hierfl_s1,Table I: HierFL [cifar100],cifar100,hierfl,none,IID,1,"frozen_journal_v1 (60 rounds, seeds 0-4)",60,0045181dec90ef2a (launcher-args hash),9e785b9+dirty,completed-valid,60/60,,results/journal_v1/logs/main_cifar100_hierfl_s1.log,,,
main_cifar100_hierfl_s2,Table I: HierFL [cifar100],cifar100,hierfl,none,IID,2,"frozen_journal_v1 (60 rounds, seeds 0-4)",60,f47ffdbd605fa0fd (launcher-args hash),9e785b9+dirty,completed-valid,60/60,,results/journal_v1/logs/main_cifar100_hierfl_s2.log,,,
main_cifar100_hierfl_s3,Table I: HierFL [cifar100],cifar100,hierfl,none,IID,3,"frozen_journal_v1 (60 rounds, seeds 0-4)",60,9a3665a4735cbc63 (launcher-args hash),9e785b9+dirty,completed-valid,60/60,,results/journal_v1/logs/main_cifar100_hierfl_s3.log,,,
main_cifar100_hierfl_s4,Table I: HierFL [cifar100],cifar100,hierfl,none,IID,4,"frozen_journal_v1 (60 rounds, seeds 0-4)",60,055b2769fa96ef08 (launcher-args hash),9e785b9+dirty,completed-valid,60/60,,results/journal_v1/logs/main_cifar100_hierfl_s4.log,,,
main_cifar100_hsfl_s0,Table I: HSFL (A) [cifar100],cifar100,hsfl,none,IID,0,"frozen_journal_v1 (60 rounds, seeds 0-4)",60,b8a69451be09fbcf (launcher-args hash),9e785b9+dirty,completed-valid,60/60,,results/journal_v1/logs/main_cifar100_hsfl_s0.log,,,
main_cifar100_hsfl_s1,Table I: HSFL (A) [cifar100],cifar100,hsfl,none,IID,1,"frozen_journal_v1 (60 rounds, seeds 0-4)",60,239c36a2d8e33225 (launcher-args hash),9e785b9+dirty,completed-valid,60/60,,results/journal_v1/logs/main_cifar100_hsfl_s1.log,,,
main_cifar100_hsfl_s2,Table I: HSFL (A) [cifar100],cifar100,hsfl,none,IID,2,"frozen_journal_v1 (60 rounds, seeds 0-4)",60,480db002c276d7c0 (launcher-args hash),9e785b9+dirty,completed-valid,60/60,,results/journal_v1/logs/main_cifar100_hsfl_s2.log,,,
main_cifar100_hsfl_s3,Table I: HSFL (A) [cifar100],cifar100,hsfl,none,IID,3,"frozen_journal_v1 (60 rounds, seeds 0-4)",60,5399f334c03f7729 (launcher-args hash),9e785b9+dirty,completed-valid,60/60,,results/journal_v1/logs/main_cifar100_hsfl_s3.log,,,
main_cifar100_hsfl_s4,Table I: HSFL (A) [cifar100],cifar100,hsfl,none,IID,4,"frozen_journal_v1 (60 rounds, seeds 0-4)",60,bf0ce7f81af740cf (launcher-args hash),9e785b9+dirty,completed-valid,60/60,,results/journal_v1/logs/main_cifar100_hsfl_s4.log,,,
main_cifar100_hsfp_s0,Table I: H-SFP (A) [cifar100]; Table VI: cifar100 | IID | H-SFP; Table VIII: H-SFP baseline; Table XII: K=200,cifar100,h-sfp,baseline_hsfp,IID,0,"frozen_journal_v1 (60 rounds, seeds 0-4)",60,cdb855d7699ced7e3eaeb83926185f84aee52eeac9fbe2485b7a9dcde55c521b,9e785b9+dirty,completed-valid,60/60,/home/jackson/Desktop/Split-Federated-Merging-Learning/outputs/journal_v1/main_cifar100_hsfp_s0/2ddc3d9efc2c/cdb855d7699ced7e3eaeb83926185f84aee52eeac9fbe2485b7a9dcde55c521b/checkpoint.pt,results/journal_v1/logs/main_cifar100_hsfp_s0.log,,,
main_cifar100_hsfp_s1,Table I: H-SFP (A) [cifar100]; Table VI: cifar100 | IID | H-SFP; Table VIII: H-SFP baseline; Table XII: K=200,cifar100,h-sfp,baseline_hsfp,IID,1,"frozen_journal_v1 (60 rounds, seeds 0-4)",60,3a8421d6fc171e663435d547180ef4c9d70a3332d782f790e681cf7461e097dd,9e785b9+dirty,completed-valid,60/60,/home/jackson/Desktop/Split-Federated-Merging-Learning/outputs/journal_v1/main_cifar100_hsfp_s1/2ddc3d9efc2c/3a8421d6fc171e663435d547180ef4c9d70a3332d782f790e681cf7461e097dd/checkpoint.pt,results/journal_v1/logs/main_cifar100_hsfp_s1.log,,,
main_cifar100_hsfp_s2,Table I: H-SFP (A) [cifar100]; Table VI: cifar100 | IID | H-SFP; Table VIII: H-SFP baseline; Table XII: K=200,cifar100,h-sfp,baseline_hsfp,IID,2,"frozen_journal_v1 (60 rounds, seeds 0-4)",60,fc536c0645c47997d6023b6a22a0fb33b35d5ceca595dc012905651f2950e1dd,9e785b9+dirty,completed-valid,60/60,/home/jackson/Desktop/Split-Federated-Merging-Learning/outputs/journal_v1/main_cifar100_hsfp_s2/2ddc3d9efc2c/fc536c0645c47997d6023b6a22a0fb33b35d5ceca595dc012905651f2950e1dd/checkpoint.pt,results/journal_v1/logs/main_cifar100_hsfp_s2.log,,,
main_cifar100_hsfp_s3,Table I: H-SFP (A) [cifar100]; Table VI: cifar100 | IID | H-SFP; Table VIII: H-SFP baseline; Table XII: K=200,cifar100,h-sfp,baseline_hsfp,IID,3,"frozen_journal_v1 (60 rounds, seeds 0-4)",60,f695238bda4b18e4c91ac801b7139ada18ceed2316032886c4c715fc85e3009e,9e785b9+dirty,completed-valid,60/60,/home/jackson/Desktop/Split-Federated-Merging-Learning/outputs/journal_v1/main_cifar100_hsfp_s3/2ddc3d9efc2c/f695238bda4b18e4c91ac801b7139ada18ceed2316032886c4c715fc85e3009e/checkpoint.pt,results/journal_v1/logs/main_cifar100_hsfp_s3.log,,,
main_cifar100_hsfp_s4,Table I: H-SFP (A) [cifar100]; Table VI: cifar100 | IID | H-SFP; Table VIII: H-SFP baseline; Table XII: K=200,cifar100,h-sfp,baseline_hsfp,IID,4,"frozen_journal_v1 (60 rounds, seeds 0-4)",60,8a4a24e25d0bd32412fa0f5b6e57cfb1ff804735808585a59d7285d2127af2dd,9e785b9+dirty,completed-valid,60/60,/home/jackson/Desktop/Split-Federated-Merging-Learning/outputs/journal_v1/main_cifar100_hsfp_s4/2ddc3d9efc2c/8a4a24e25d0bd32412fa0f5b6e57cfb1ff804735808585a59d7285d2127af2dd/checkpoint.pt,results/journal_v1/logs/main_cifar100_hsfp_s4.log,,,
main_cifar100_splitfl_s0,Table I: SplitFed [cifar100],cifar100,splitfl,none,IID,0,"frozen_journal_v1 (60 rounds, seeds 0-4)",60,f2dcd0408c480037 (launcher-args hash),9e785b9+dirty,completed-valid,60/60,,results/journal_v1/logs/main_cifar100_splitfl_s0.log,,,
main_cifar100_splitfl_s1,Table I: SplitFed [cifar100],cifar100,splitfl,none,IID,1,"frozen_journal_v1 (60 rounds, seeds 0-4)",60,5aa59dbcb39914a8 (launcher-args hash),9e785b9+dirty,completed-valid,60/60,,results/journal_v1/logs/main_cifar100_splitfl_s1.log,,,
main_cifar100_splitfl_s2,Table I: SplitFed [cifar100],cifar100,splitfl,none,IID,2,"frozen_journal_v1 (60 rounds, seeds 0-4)",60,00d9582d6cb3a6cd (launcher-args hash),9e785b9+dirty,completed-valid,60/60,,results/journal_v1/logs/main_cifar100_splitfl_s2.log,,,
main_cifar100_splitfl_s3,Table I: SplitFed [cifar100],cifar100,splitfl,none,IID,3,"frozen_journal_v1 (60 rounds, seeds 0-4)",60,a99dcfe9b57e5c4f (launcher-args hash),9e785b9+dirty,completed-valid,60/60,,results/journal_v1/logs/main_cifar100_splitfl_s3.log,,,
main_cifar100_splitfl_s4,Table I: SplitFed [cifar100],cifar100,splitfl,none,IID,4,"frozen_journal_v1 (60 rounds, seeds 0-4)",60,f26254933334567f (launcher-args hash),9e785b9+dirty,completed-valid,60/60,,results/journal_v1/logs/main_cifar100_splitfl_s4.log,,,
main_cifar10_ehsfp_s0,Table I: E-HSFP [cifar10]; Table VI: cifar10 | IID | E-HSFP,cifar10,h-sfp,full_e_hsfp,IID,0,"frozen_journal_v1 (60 rounds, seeds 0-4)",60,9ee0b4bfcca86794df72db9d52e5ef8e6670d45bda4134acacea64492822f079,9e785b9+dirty,completed-valid,60/60,/home/jackson/Desktop/Split-Federated-Merging-Learning/outputs/journal_v1/main_cifar10_ehsfp_s0/e7518bc2282a/9ee0b4bfcca86794df72db9d52e5ef8e6670d45bda4134acacea64492822f079/checkpoint.pt,results/journal_v1/logs/main_cifar10_ehsfp_s0.log,,,
main_cifar10_ehsfp_s1,Table I: E-HSFP [cifar10]; Table VI: cifar10 | IID | E-HSFP,cifar10,h-sfp,full_e_hsfp,IID,1,"frozen_journal_v1 (60 rounds, seeds 0-4)",60,3e689ffa0790a9494b2895188e2da1b1237ada18b2e7df607c7f162dbc7bd875,9e785b9+dirty,completed-valid,60/60,/home/jackson/Desktop/Split-Federated-Merging-Learning/outputs/journal_v1/main_cifar10_ehsfp_s1/e7518bc2282a/3e689ffa0790a9494b2895188e2da1b1237ada18b2e7df607c7f162dbc7bd875/checkpoint.pt,results/journal_v1/logs/main_cifar10_ehsfp_s1.log,,,
main_cifar10_ehsfp_s2,Table I: E-HSFP [cifar10]; Table VI: cifar10 | IID | E-HSFP,cifar10,h-sfp,full_e_hsfp,IID,2,"frozen_journal_v1 (60 rounds, seeds 0-4)",60,c419153145de4e56a9d3de324f652a710b496c6ab544ffbe46eb94be1828fd42,9e785b9+dirty,completed-valid,60/60,/home/jackson/Desktop/Split-Federated-Merging-Learning/outputs/journal_v1/main_cifar10_ehsfp_s2/e7518bc2282a/c419153145de4e56a9d3de324f652a710b496c6ab544ffbe46eb94be1828fd42/checkpoint.pt,results/journal_v1/logs/main_cifar10_ehsfp_s2.log,,,
main_cifar10_ehsfp_s3,Table I: E-HSFP [cifar10]; Table VI: cifar10 | IID | E-HSFP,cifar10,h-sfp,full_e_hsfp,IID,3,"frozen_journal_v1 (60 rounds, seeds 0-4)",60,0cad5d8e3cdbefc8e96e7cbc787995c64ee4fbe9566d7a7102c02605c12bdd22,9e785b9+dirty,completed-valid,60/60,/home/jackson/Desktop/Split-Federated-Merging-Learning/outputs/journal_v1/main_cifar10_ehsfp_s3/e7518bc2282a/0cad5d8e3cdbefc8e96e7cbc787995c64ee4fbe9566d7a7102c02605c12bdd22/checkpoint.pt,results/journal_v1/logs/main_cifar10_ehsfp_s3.log,,,
main_cifar10_ehsfp_s4,Table I: E-HSFP [cifar10]; Table VI: cifar10 | IID | E-HSFP,cifar10,h-sfp,full_e_hsfp,IID,4,"frozen_journal_v1 (60 rounds, seeds 0-4)",60,e0932ad9104382013e376d7f4d2678847eabf141d3e1d53eb77f6259b38d8dea,9e785b9+dirty,completed-valid,60/60,/home/jackson/Desktop/Split-Federated-Merging-Learning/outputs/journal_v1/main_cifar10_ehsfp_s4/e7518bc2282a/e0932ad9104382013e376d7f4d2678847eabf141d3e1d53eb77f6259b38d8dea/checkpoint.pt,results/journal_v1/logs/main_cifar10_ehsfp_s4.log,,,
main_cifar10_federated_s0,Table I: FedAvg [cifar10],cifar10,federated,none,IID,0,"frozen_journal_v1 (60 rounds, seeds 0-4)",60,361ef7842563ebb5 (launcher-args hash),9e785b9+dirty,completed-valid,60/60,,results/journal_v1/logs/main_cifar10_federated_s0.log,,,
main_cifar10_federated_s1,Table I: FedAvg [cifar10],cifar10,federated,none,IID,1,"frozen_journal_v1 (60 rounds, seeds 0-4)",60,5e2a249f012bcb9f (launcher-args hash),9e785b9+dirty,completed-valid,60/60,,results/journal_v1/logs/main_cifar10_federated_s1.log,,,
main_cifar10_federated_s2,Table I: FedAvg [cifar10],cifar10,federated,none,IID,2,"frozen_journal_v1 (60 rounds, seeds 0-4)",60,a4ccc5c5dcf5fc35 (launcher-args hash),9e785b9+dirty,completed-valid,60/60,,results/journal_v1/logs/main_cifar10_federated_s2.log,,,
main_cifar10_federated_s3,Table I: FedAvg [cifar10],cifar10,federated,none,IID,3,"frozen_journal_v1 (60 rounds, seeds 0-4)",60,f9bb2c3fbf65aaf0 (launcher-args hash),9e785b9+dirty,completed-valid,60/60,,results/journal_v1/logs/main_cifar10_federated_s3.log,,,
main_cifar10_federated_s4,Table I: FedAvg [cifar10],cifar10,federated,none,IID,4,"frozen_journal_v1 (60 rounds, seeds 0-4)",60,5721b14072162995 (launcher-args hash),9e785b9+dirty,completed-valid,60/60,,results/journal_v1/logs/main_cifar10_federated_s4.log,,,
main_cifar10_hetero-sfl_s0,Table I: HeteroSFL [cifar10],cifar10,hetero-sfl,none,IID,0,"frozen_journal_v1 (60 rounds, seeds 0-4)",60,1bccf1ff1f3f8fed (launcher-args hash),9e785b9+dirty,completed-suspect,60/60,,results/journal_v1/logs/main_cifar10_hetero-sfl_s0.log,,near_chance_accuracy,diagnose baseline (kept; not silently dropped)
main_cifar10_hetero-sfl_s1,Table I: HeteroSFL [cifar10],cifar10,hetero-sfl,none,IID,1,"frozen_journal_v1 (60 rounds, seeds 0-4)",60,96ce2c0bf3765e48 (launcher-args hash),9e785b9+dirty,completed-valid,60/60,,results/journal_v1/logs/main_cifar10_hetero-sfl_s1.log,,,
main_cifar10_hetero-sfl_s2,Table I: HeteroSFL [cifar10],cifar10,hetero-sfl,none,IID,2,"frozen_journal_v1 (60 rounds, seeds 0-4)",60,715f814dddda9229 (launcher-args hash),9e785b9+dirty,completed-suspect,60/60,,results/journal_v1/logs/main_cifar10_hetero-sfl_s2.log,,near_chance_accuracy,diagnose baseline (kept; not silently dropped)
main_cifar10_hetero-sfl_s3,Table I: HeteroSFL [cifar10],cifar10,hetero-sfl,none,IID,3,"frozen_journal_v1 (60 rounds, seeds 0-4)",60,dc5b87f5c9d79106 (launcher-args hash),9e785b9+dirty,completed-suspect,60/60,,results/journal_v1/logs/main_cifar10_hetero-sfl_s3.log,,near_chance_accuracy,diagnose baseline (kept; not silently dropped)
main_cifar10_hetero-sfl_s4,Table I: HeteroSFL [cifar10],cifar10,hetero-sfl,none,IID,4,"frozen_journal_v1 (60 rounds, seeds 0-4)",60,982738b99af606c0 (launcher-args hash),9e785b9+dirty,completed-valid,60/60,,results/journal_v1/logs/main_cifar10_hetero-sfl_s4.log,,,
main_cifar10_hierfl_s0,Table I: HierFL [cifar10],cifar10,hierfl,none,IID,0,"frozen_journal_v1 (60 rounds, seeds 0-4)",60,c7c296d4ce314d40 (launcher-args hash),9e785b9+dirty,completed-valid,60/60,,results/journal_v1/logs/main_cifar10_hierfl_s0.log,,,
main_cifar10_hierfl_s1,Table I: HierFL [cifar10],cifar10,hierfl,none,IID,1,"frozen_journal_v1 (60 rounds, seeds 0-4)",60,010f3c339fabfb8c (launcher-args hash),9e785b9+dirty,completed-valid,60/60,,results/journal_v1/logs/main_cifar10_hierfl_s1.log,,,
main_cifar10_hierfl_s2,Table I: HierFL [cifar10],cifar10,hierfl,none,IID,2,"frozen_journal_v1 (60 rounds, seeds 0-4)",60,fd02aff58717d98b (launcher-args hash),9e785b9+dirty,completed-valid,60/60,,results/journal_v1/logs/main_cifar10_hierfl_s2.log,,,
main_cifar10_hierfl_s3,Table I: HierFL [cifar10],cifar10,hierfl,none,IID,3,"frozen_journal_v1 (60 rounds, seeds 0-4)",60,958f81b2bb864da4 (launcher-args hash),9e785b9+dirty,completed-valid,60/60,,results/journal_v1/logs/main_cifar10_hierfl_s3.log,,,
main_cifar10_hierfl_s4,Table I: HierFL [cifar10],cifar10,hierfl,none,IID,4,"frozen_journal_v1 (60 rounds, seeds 0-4)",60,8cfc0be8ba913c95 (launcher-args hash),9e785b9+dirty,completed-valid,60/60,,results/journal_v1/logs/main_cifar10_hierfl_s4.log,,,
main_cifar10_hsfl_s0,Table I: HSFL (A) [cifar10],cifar10,hsfl,none,IID,0,"frozen_journal_v1 (60 rounds, seeds 0-4)",60,fff685d738e6a36c (launcher-args hash),9e785b9+dirty,completed-valid,60/60,,results/journal_v1/logs/main_cifar10_hsfl_s0.log,,,
main_cifar10_hsfl_s1,Table I: HSFL (A) [cifar10],cifar10,hsfl,none,IID,1,"frozen_journal_v1 (60 rounds, seeds 0-4)",60,d69367e088571d5a (launcher-args hash),9e785b9+dirty,completed-valid,60/60,,results/journal_v1/logs/main_cifar10_hsfl_s1.log,,,
main_cifar10_hsfl_s2,Table I: HSFL (A) [cifar10],cifar10,hsfl,none,IID,2,"frozen_journal_v1 (60 rounds, seeds 0-4)",60,903109b980b4a3b2 (launcher-args hash),9e785b9+dirty,completed-valid,60/60,,results/journal_v1/logs/main_cifar10_hsfl_s2.log,,,
main_cifar10_hsfl_s3,Table I: HSFL (A) [cifar10],cifar10,hsfl,none,IID,3,"frozen_journal_v1 (60 rounds, seeds 0-4)",60,9b0f7d6d7383b258 (launcher-args hash),9e785b9+dirty,completed-valid,60/60,,results/journal_v1/logs/main_cifar10_hsfl_s3.log,,,
main_cifar10_hsfl_s4,Table I: HSFL (A) [cifar10],cifar10,hsfl,none,IID,4,"frozen_journal_v1 (60 rounds, seeds 0-4)",60,f4a97ceb92c4b059 (launcher-args hash),9e785b9+dirty,completed-valid,60/60,,results/journal_v1/logs/main_cifar10_hsfl_s4.log,,,
main_cifar10_hsfp_s0,Table I: H-SFP (A) [cifar10]; Table VI: cifar10 | IID | H-SFP,cifar10,h-sfp,baseline_hsfp,IID,0,"frozen_journal_v1 (60 rounds, seeds 0-4)",60,68fc1631200428a6dac502c27aa534e76e90cf8a74ed65aaeb06e890862c25b9,9e785b9+dirty,completed-valid,60/60,/home/jackson/Desktop/Split-Federated-Merging-Learning/outputs/journal_v1/main_cifar10_hsfp_s0/e7518bc2282a/68fc1631200428a6dac502c27aa534e76e90cf8a74ed65aaeb06e890862c25b9/checkpoint.pt,results/journal_v1/logs/main_cifar10_hsfp_s0.log,,,
main_cifar10_hsfp_s1,Table I: H-SFP (A) [cifar10]; Table VI: cifar10 | IID | H-SFP,cifar10,h-sfp,baseline_hsfp,IID,1,"frozen_journal_v1 (60 rounds, seeds 0-4)",60,d6a46d620b9df326478598fe6021a677c2319879103d3b3ab1b3a97e8a8506ad,9e785b9+dirty,completed-valid,60/60,/home/jackson/Desktop/Split-Federated-Merging-Learning/outputs/journal_v1/main_cifar10_hsfp_s1/e7518bc2282a/d6a46d620b9df326478598fe6021a677c2319879103d3b3ab1b3a97e8a8506ad/checkpoint.pt,results/journal_v1/logs/main_cifar10_hsfp_s1.log,,,
main_cifar10_hsfp_s2,Table I: H-SFP (A) [cifar10]; Table VI: cifar10 | IID | H-SFP,cifar10,h-sfp,baseline_hsfp,IID,2,"frozen_journal_v1 (60 rounds, seeds 0-4)",60,b8cc92055d1513c564608c4b23ddf0818b311c87fe2d0c8e863c9cf5a0be85c8,9e785b9+dirty,completed-valid,60/60,/home/jackson/Desktop/Split-Federated-Merging-Learning/outputs/journal_v1/main_cifar10_hsfp_s2/e7518bc2282a/b8cc92055d1513c564608c4b23ddf0818b311c87fe2d0c8e863c9cf5a0be85c8/checkpoint.pt,results/journal_v1/logs/main_cifar10_hsfp_s2.log,,,
main_cifar10_hsfp_s3,Table I: H-SFP (A) [cifar10]; Table VI: cifar10 | IID | H-SFP,cifar10,h-sfp,baseline_hsfp,IID,3,"frozen_journal_v1 (60 rounds, seeds 0-4)",60,5d85e053ecdb086e78c44e6a7e894b02d112b8b216c82cea84a3fa2b2c94c6c9,9e785b9+dirty,completed-valid,60/60,/home/jackson/Desktop/Split-Federated-Merging-Learning/outputs/journal_v1/main_cifar10_hsfp_s3/e7518bc2282a/5d85e053ecdb086e78c44e6a7e894b02d112b8b216c82cea84a3fa2b2c94c6c9/checkpoint.pt,results/journal_v1/logs/main_cifar10_hsfp_s3.log,,,
main_cifar10_hsfp_s4,Table I: H-SFP (A) [cifar10]; Table VI: cifar10 | IID | H-SFP,cifar10,h-sfp,baseline_hsfp,IID,4,"frozen_journal_v1 (60 rounds, seeds 0-4)",60,5146ad1e72d65421d09303c602768b54e53b6b958d7ea8430cec0bf30a20e9c2,9e785b9+dirty,completed-valid,60/60,/home/jackson/Desktop/Split-Federated-Merging-Learning/outputs/journal_v1/main_cifar10_hsfp_s4/e7518bc2282a/5146ad1e72d65421d09303c602768b54e53b6b958d7ea8430cec0bf30a20e9c2/checkpoint.pt,results/journal_v1/logs/main_cifar10_hsfp_s4.log,,,
main_cifar10_splitfl_s0,Table I: SplitFed [cifar10],cifar10,splitfl,none,IID,0,"frozen_journal_v1 (60 rounds, seeds 0-4)",60,5b5ef28457ce7913 (launcher-args hash),9e785b9+dirty,completed-valid,60/60,,results/journal_v1/logs/main_cifar10_splitfl_s0.log,,,
main_cifar10_splitfl_s1,Table I: SplitFed [cifar10],cifar10,splitfl,none,IID,1,"frozen_journal_v1 (60 rounds, seeds 0-4)",60,78cb02bc4ad44a8e (launcher-args hash),9e785b9+dirty,completed-valid,60/60,,results/journal_v1/logs/main_cifar10_splitfl_s1.log,,,
main_cifar10_splitfl_s2,Table I: SplitFed [cifar10],cifar10,splitfl,none,IID,2,"frozen_journal_v1 (60 rounds, seeds 0-4)",60,9036381d9610ded3 (launcher-args hash),9e785b9+dirty,completed-valid,60/60,,results/journal_v1/logs/main_cifar10_splitfl_s2.log,,,
main_cifar10_splitfl_s3,Table I: SplitFed [cifar10],cifar10,splitfl,none,IID,3,"frozen_journal_v1 (60 rounds, seeds 0-4)",60,6d62904ce71ebd13 (launcher-args hash),9e785b9+dirty,completed-valid,60/60,,results/journal_v1/logs/main_cifar10_splitfl_s3.log,,,
main_cifar10_splitfl_s4,Table I: SplitFed [cifar10],cifar10,splitfl,none,IID,4,"frozen_journal_v1 (60 rounds, seeds 0-4)",60,0d6a5828430873d7 (launcher-args hash),9e785b9+dirty,completed-valid,60/60,,results/journal_v1/logs/main_cifar10_splitfl_s4.log,,,
main_ham10000_ehsfp_s0,Table I: E-HSFP [ham10000]; Table VI: ham10000 | IID | E-HSFP,ham10000,h-sfp,full_e_hsfp,IID,0,"frozen_journal_v1 (60 rounds, seeds 0-4)",60,cb592234bee6f7343cc0f5ed3e56a8a33cb51f6f665c42453030bc8b8975ae07,9e785b9+dirty,completed-valid,60/60,/home/jackson/Desktop/Split-Federated-Merging-Learning/outputs/journal_v1/main_ham10000_ehsfp_s0/ebb9daeaf490/cb592234bee6f7343cc0f5ed3e56a8a33cb51f6f665c42453030bc8b8975ae07/checkpoint.pt,results/journal_v1/logs/main_ham10000_ehsfp_s0.log,,,
main_ham10000_ehsfp_s1,Table I: E-HSFP [ham10000]; Table VI: ham10000 | IID | E-HSFP,ham10000,h-sfp,full_e_hsfp,IID,1,"frozen_journal_v1 (60 rounds, seeds 0-4)",60,1c3bc5e456a97221e91ec59383f09fe781e8fc6a1fdb246f6bddecf1bc7d9fcf,9e785b9+dirty,completed-valid,60/60,/home/jackson/Desktop/Split-Federated-Merging-Learning/outputs/journal_v1/main_ham10000_ehsfp_s1/ebb9daeaf490/1c3bc5e456a97221e91ec59383f09fe781e8fc6a1fdb246f6bddecf1bc7d9fcf/checkpoint.pt,results/journal_v1/logs/main_ham10000_ehsfp_s1.log,,,
main_ham10000_ehsfp_s2,Table I: E-HSFP [ham10000]; Table VI: ham10000 | IID | E-HSFP,ham10000,h-sfp,full_e_hsfp,IID,2,"frozen_journal_v1 (60 rounds, seeds 0-4)",60,4e9b9d56599199a353e804de1d1ee9f92dd7eea6f035489b1e688cd336db43d0,9e785b9+dirty,completed-valid,60/60,/home/jackson/Desktop/Split-Federated-Merging-Learning/outputs/journal_v1/main_ham10000_ehsfp_s2/ebb9daeaf490/4e9b9d56599199a353e804de1d1ee9f92dd7eea6f035489b1e688cd336db43d0/checkpoint.pt,results/journal_v1/logs/main_ham10000_ehsfp_s2.log,,,
main_ham10000_ehsfp_s3,Table I: E-HSFP [ham10000]; Table VI: ham10000 | IID | E-HSFP,ham10000,h-sfp,full_e_hsfp,IID,3,"frozen_journal_v1 (60 rounds, seeds 0-4)",60,fe6a4697dd910235f334f4760f93f3865d2cf0af9d93fd33510a5e71e39ae37c,9e785b9+dirty,completed-valid,60/60,/home/jackson/Desktop/Split-Federated-Merging-Learning/outputs/journal_v1/main_ham10000_ehsfp_s3/ebb9daeaf490/fe6a4697dd910235f334f4760f93f3865d2cf0af9d93fd33510a5e71e39ae37c/checkpoint.pt,results/journal_v1/logs/main_ham10000_ehsfp_s3.log,,,
main_ham10000_ehsfp_s4,Table I: E-HSFP [ham10000]; Table VI: ham10000 | IID | E-HSFP,ham10000,h-sfp,full_e_hsfp,IID,4,"frozen_journal_v1 (60 rounds, seeds 0-4)",60,d80d98210d61458a0593ce31efd3d3084892035d5a3a651d7b7f5a64bd75e491,9e785b9+dirty,completed-valid,60/60,/home/jackson/Desktop/Split-Federated-Merging-Learning/outputs/journal_v1/main_ham10000_ehsfp_s4/ebb9daeaf490/d80d98210d61458a0593ce31efd3d3084892035d5a3a651d7b7f5a64bd75e491/checkpoint.pt,results/journal_v1/logs/main_ham10000_ehsfp_s4.log,,,
main_ham10000_federated_s0,Table I: FedAvg [ham10000],ham10000,federated,none,IID,0,"frozen_journal_v1 (60 rounds, seeds 0-4)",60,0f2e8fe7579dbf33 (launcher-args hash),9e785b9+dirty,completed-valid,60/60,,results/journal_v1/logs/main_ham10000_federated_s0.log,,,
main_ham10000_federated_s1,Table I: FedAvg [ham10000],ham10000,federated,none,IID,1,"frozen_journal_v1 (60 rounds, seeds 0-4)",60,d6a0dd55ce45e05b (launcher-args hash),9e785b9+dirty,completed-valid,60/60,,results/journal_v1/logs/main_ham10000_federated_s1.log,,,
main_ham10000_federated_s2,Table I: FedAvg [ham10000],ham10000,federated,none,IID,2,"frozen_journal_v1 (60 rounds, seeds 0-4)",60,07c902a740293c36 (launcher-args hash),9e785b9+dirty,completed-valid,60/60,,results/journal_v1/logs/main_ham10000_federated_s2.log,,,
main_ham10000_federated_s3,Table I: FedAvg [ham10000],ham10000,federated,none,IID,3,"frozen_journal_v1 (60 rounds, seeds 0-4)",60,73448929c8e24900 (launcher-args hash),9e785b9+dirty,completed-valid,60/60,,results/journal_v1/logs/main_ham10000_federated_s3.log,,,
main_ham10000_federated_s4,Table I: FedAvg [ham10000],ham10000,federated,none,IID,4,"frozen_journal_v1 (60 rounds, seeds 0-4)",60,1c6635ecc6a5b7f4 (launcher-args hash),9e785b9+dirty,completed-valid,60/60,,results/journal_v1/logs/main_ham10000_federated_s4.log,,,
main_ham10000_hetero-sfl_s0,Table I: HeteroSFL [ham10000],ham10000,hetero-sfl,none,IID,0,"frozen_journal_v1 (60 rounds, seeds 0-4)",60,5f7ab6c1f160b39b (launcher-args hash),9e785b9+dirty,completed-valid,60/60,,results/journal_v1/logs/main_ham10000_hetero-sfl_s0.log,,,
main_ham10000_hetero-sfl_s1,Table I: HeteroSFL [ham10000],ham10000,hetero-sfl,none,IID,1,"frozen_journal_v1 (60 rounds, seeds 0-4)",60,ef1e27486159ad33 (launcher-args hash),9e785b9+dirty,completed-valid,60/60,,results/journal_v1/logs/main_ham10000_hetero-sfl_s1.log,,,
main_ham10000_hetero-sfl_s2,Table I: HeteroSFL [ham10000],ham10000,hetero-sfl,none,IID,2,"frozen_journal_v1 (60 rounds, seeds 0-4)",60,ca658c8db9a0b25e (launcher-args hash),9e785b9+dirty,completed-valid,60/60,,results/journal_v1/logs/main_ham10000_hetero-sfl_s2.log,,,
main_ham10000_hetero-sfl_s3,Table I: HeteroSFL [ham10000],ham10000,hetero-sfl,none,IID,3,"frozen_journal_v1 (60 rounds, seeds 0-4)",60,805144de570afd51 (launcher-args hash),9e785b9+dirty,completed-valid,60/60,,results/journal_v1/logs/main_ham10000_hetero-sfl_s3.log,,,
main_ham10000_hetero-sfl_s4,Table I: HeteroSFL [ham10000],ham10000,hetero-sfl,none,IID,4,"frozen_journal_v1 (60 rounds, seeds 0-4)",60,2360f709e790e0d0 (launcher-args hash),9e785b9+dirty,completed-valid,60/60,,results/journal_v1/logs/main_ham10000_hetero-sfl_s4.log,,,
main_ham10000_hierfl_s0,Table I: HierFL [ham10000],ham10000,hierfl,none,IID,0,"frozen_journal_v1 (60 rounds, seeds 0-4)",60,e62e589cca71ad98 (launcher-args hash),9e785b9+dirty,completed-valid,60/60,,results/journal_v1/logs/main_ham10000_hierfl_s0.log,,,
main_ham10000_hierfl_s1,Table I: HierFL [ham10000],ham10000,hierfl,none,IID,1,"frozen_journal_v1 (60 rounds, seeds 0-4)",60,ca639db4758ddab5 (launcher-args hash),9e785b9+dirty,completed-valid,60/60,,results/journal_v1/logs/main_ham10000_hierfl_s1.log,,,
main_ham10000_hierfl_s2,Table I: HierFL [ham10000],ham10000,hierfl,none,IID,2,"frozen_journal_v1 (60 rounds, seeds 0-4)",60,6028dfcca3207d23 (launcher-args hash),9e785b9+dirty,completed-valid,60/60,,results/journal_v1/logs/main_ham10000_hierfl_s2.log,,,
main_ham10000_hierfl_s3,Table I: HierFL [ham10000],ham10000,hierfl,none,IID,3,"frozen_journal_v1 (60 rounds, seeds 0-4)",60,b131a5bbd61a34c4 (launcher-args hash),9e785b9+dirty,completed-valid,60/60,,results/journal_v1/logs/main_ham10000_hierfl_s3.log,,,
main_ham10000_hierfl_s4,Table I: HierFL [ham10000],ham10000,hierfl,none,IID,4,"frozen_journal_v1 (60 rounds, seeds 0-4)",60,d497b9c5725f0f2c (launcher-args hash),9e785b9+dirty,completed-valid,60/60,,results/journal_v1/logs/main_ham10000_hierfl_s4.log,,,
main_ham10000_hsfl_s0,Table I: HSFL (A) [ham10000],ham10000,hsfl,none,IID,0,"frozen_journal_v1 (60 rounds, seeds 0-4)",60,4c351ff92bf748c0 (launcher-args hash),9e785b9+dirty,completed-valid,60/60,,results/journal_v1/logs/main_ham10000_hsfl_s0.log,,,
main_ham10000_hsfl_s1,Table I: HSFL (A) [ham10000],ham10000,hsfl,none,IID,1,"frozen_journal_v1 (60 rounds, seeds 0-4)",60,383fa92c49dde0d9 (launcher-args hash),9e785b9+dirty,completed-valid,60/60,,results/journal_v1/logs/main_ham10000_hsfl_s1.log,,,
main_ham10000_hsfl_s2,Table I: HSFL (A) [ham10000],ham10000,hsfl,none,IID,2,"frozen_journal_v1 (60 rounds, seeds 0-4)",60,13ce16be4c0db583 (launcher-args hash),9e785b9+dirty,completed-valid,60/60,,results/journal_v1/logs/main_ham10000_hsfl_s2.log,,,
main_ham10000_hsfl_s3,Table I: HSFL (A) [ham10000],ham10000,hsfl,none,IID,3,"frozen_journal_v1 (60 rounds, seeds 0-4)",60,3f36b81f7d0292c8 (launcher-args hash),9e785b9+dirty,completed-valid,60/60,,results/journal_v1/logs/main_ham10000_hsfl_s3.log,,,
main_ham10000_hsfl_s4,Table I: HSFL (A) [ham10000],ham10000,hsfl,none,IID,4,"frozen_journal_v1 (60 rounds, seeds 0-4)",60,4711abb0db94cd43 (launcher-args hash),9e785b9+dirty,completed-valid,60/60,,results/journal_v1/logs/main_ham10000_hsfl_s4.log,,,
main_ham10000_hsfp_s0,Table I: H-SFP (A) [ham10000]; Table VI: ham10000 | IID | H-SFP,ham10000,h-sfp,baseline_hsfp,IID,0,"frozen_journal_v1 (60 rounds, seeds 0-4)",60,9caea87eb5f61a406c10a27fc6fd2de382cb5b7174665358a4c584737df4a192,9e785b9+dirty,completed-valid,60/60,/home/jackson/Desktop/Split-Federated-Merging-Learning/outputs/journal_v1/main_ham10000_hsfp_s0/ebb9daeaf490/9caea87eb5f61a406c10a27fc6fd2de382cb5b7174665358a4c584737df4a192/checkpoint.pt,results/journal_v1/logs/main_ham10000_hsfp_s0.log,,,
main_ham10000_hsfp_s1,Table I: H-SFP (A) [ham10000]; Table VI: ham10000 | IID | H-SFP,ham10000,h-sfp,baseline_hsfp,IID,1,"frozen_journal_v1 (60 rounds, seeds 0-4)",60,e815ed1eb41e47e42ffbba3d111b5f70da47962a0bb1d637781bfb5f9f53f3da,9e785b9+dirty,completed-suspect,60/60,/home/jackson/Desktop/Split-Federated-Merging-Learning/outputs/journal_v1/main_ham10000_hsfp_s1/ebb9daeaf490/e815ed1eb41e47e42ffbba3d111b5f70da47962a0bb1d637781bfb5f9f53f3da/checkpoint.pt,results/journal_v1/logs/main_ham10000_hsfp_s1.log,,not_converged;near_chance_accuracy,diagnose baseline (kept; not silently dropped)
main_ham10000_hsfp_s2,Table I: H-SFP (A) [ham10000]; Table VI: ham10000 | IID | H-SFP,ham10000,h-sfp,baseline_hsfp,IID,2,"frozen_journal_v1 (60 rounds, seeds 0-4)",60,99afa4115179c207fa00719c0a35070d91a177322cfca00d3ae06039938ea961,9e785b9+dirty,completed-valid,60/60,/home/jackson/Desktop/Split-Federated-Merging-Learning/outputs/journal_v1/main_ham10000_hsfp_s2/ebb9daeaf490/99afa4115179c207fa00719c0a35070d91a177322cfca00d3ae06039938ea961/checkpoint.pt,results/journal_v1/logs/main_ham10000_hsfp_s2.log,,,
main_ham10000_hsfp_s3,Table I: H-SFP (A) [ham10000]; Table VI: ham10000 | IID | H-SFP,ham10000,h-sfp,baseline_hsfp,IID,3,"frozen_journal_v1 (60 rounds, seeds 0-4)",60,e3e0ead0d20898463800d99490091e46e31947b29bbac319e25238883d833a0f,9e785b9+dirty,completed-valid,60/60,/home/jackson/Desktop/Split-Federated-Merging-Learning/outputs/journal_v1/main_ham10000_hsfp_s3/ebb9daeaf490/e3e0ead0d20898463800d99490091e46e31947b29bbac319e25238883d833a0f/checkpoint.pt,results/journal_v1/logs/main_ham10000_hsfp_s3.log,,,
main_ham10000_hsfp_s4,Table I: H-SFP (A) [ham10000]; Table VI: ham10000 | IID | H-SFP,ham10000,h-sfp,baseline_hsfp,IID,4,"frozen_journal_v1 (60 rounds, seeds 0-4)",60,37ff833d89d33c432a32c0d445b6515e59c0ffe845f088a2ef331df878bbcdb3,9e785b9+dirty,completed-valid,60/60,/home/jackson/Desktop/Split-Federated-Merging-Learning/outputs/journal_v1/main_ham10000_hsfp_s4/ebb9daeaf490/37ff833d89d33c432a32c0d445b6515e59c0ffe845f088a2ef331df878bbcdb3/checkpoint.pt,results/journal_v1/logs/main_ham10000_hsfp_s4.log,,,
main_ham10000_splitfl_s0,Table I: SplitFed [ham10000],ham10000,splitfl,none,IID,0,"frozen_journal_v1 (60 rounds, seeds 0-4)",60,0471d0a62d0fd747 (launcher-args hash),9e785b9+dirty,completed-valid,60/60,,results/journal_v1/logs/main_ham10000_splitfl_s0.log,,,
main_ham10000_splitfl_s1,Table I: SplitFed [ham10000],ham10000,splitfl,none,IID,1,"frozen_journal_v1 (60 rounds, seeds 0-4)",60,a3af51e3011d3f53 (launcher-args hash),9e785b9+dirty,completed-valid,60/60,,results/journal_v1/logs/main_ham10000_splitfl_s1.log,,,
main_ham10000_splitfl_s2,Table I: SplitFed [ham10000],ham10000,splitfl,none,IID,2,"frozen_journal_v1 (60 rounds, seeds 0-4)",60,e7d53db9b0762e68 (launcher-args hash),9e785b9+dirty,completed-valid,60/60,,results/journal_v1/logs/main_ham10000_splitfl_s2.log,,,
main_ham10000_splitfl_s3,Table I: SplitFed [ham10000],ham10000,splitfl,none,IID,3,"frozen_journal_v1 (60 rounds, seeds 0-4)",60,3015f54e398237f6 (launcher-args hash),9e785b9+dirty,completed-valid,60/60,,results/journal_v1/logs/main_ham10000_splitfl_s3.log,,,
main_ham10000_splitfl_s4,Table I: SplitFed [ham10000],ham10000,splitfl,none,IID,4,"frozen_journal_v1 (60 rounds, seeds 0-4)",60,d3bd5f5f23bbdee1 (launcher-args hash),9e785b9+dirty,completed-valid,60/60,,results/journal_v1/logs/main_ham10000_splitfl_s4.log,,,
main_isic2018_ehsfp_s0,Table II: E-HSFP,isic2018,h-sfp,full_e_hsfp,IID,0,"frozen_journal_v1 (60 rounds, seeds 0-4)",60,a2c6efce03a10bac09a582fc6ed99823002e340a61f64347ad225a38613bfc60,9e785b9+dirty,completed-valid,60/60,/home/jackson/Desktop/Split-Federated-Merging-Learning/segmentation/H-SFP/Figure/data/runs/e8603b4afde3/a2c6efce03a10bac09a582fc6ed99823002e340a61f64347ad225a38613bfc60/checkpoint.pt,results/journal_v1/logs/main_isic2018_ehsfp_s0.log,,,
main_isic2018_ehsfp_s1,Table II: E-HSFP,isic2018,h-sfp,full_e_hsfp,IID,1,"frozen_journal_v1 (60 rounds, seeds 0-4)",60,cb6a1179c68de98b (launcher-args hash),9e785b9+dirty,running-healthy,7/60 (round in progress),,results/journal_v1/logs/main_isic2018_ehsfp_s1.log,tmux ehsfp-lanes / laneA / pid 506925,earlier interrupted attempt preserved: main_isic2018_ehsfp_s1.attempt-20260829T233409.log,wait (lane continues automatically)
main_isic2018_ehsfp_s2,Table II: E-HSFP,isic2018,h-sfp,full_e_hsfp,IID,2,"frozen_journal_v1 (60 rounds, seeds 0-4)",60,bacfd3e54e12dc01 (launcher-args hash),9e785b9+dirty,queued,,,,tmux ehsfp-lanes / laneA,,runs when its lane reaches it
main_isic2018_ehsfp_s3,Table II: E-HSFP,isic2018,h-sfp,full_e_hsfp,IID,3,"frozen_journal_v1 (60 rounds, seeds 0-4)",60,12cf4160eaa73ee2 (launcher-args hash),9e785b9+dirty,queued,,,,tmux ehsfp-lanes / laneA,,runs when its lane reaches it
main_isic2018_ehsfp_s4,Table II: E-HSFP,isic2018,h-sfp,full_e_hsfp,IID,4,"frozen_journal_v1 (60 rounds, seeds 0-4)",60,2b3229ba52d3a24a (launcher-args hash),9e785b9+dirty,queued,,,,tmux ehsfp-lanes / laneA,,runs when its lane reaches it
main_isic2018_federated_s0,Table II: FedAvg,isic2018,federated,none,IID,0,"frozen_journal_v1 (60 rounds, seeds 0-4)",60,0aa13223d69eb47a (launcher-args hash),9e785b9+dirty,completed-suspect,60/60,,results/journal_v1/logs/main_isic2018_federated_s0.log,,best_at_round_1(no_learning_after_init),diagnose baseline (kept; not silently dropped)
main_isic2018_federated_s1,Table II: FedAvg,isic2018,federated,none,IID,1,"frozen_journal_v1 (60 rounds, seeds 0-4)",60,c99b23433b10a3f3 (launcher-args hash),9e785b9+dirty,completed-valid,60/60,,results/journal_v1/logs/main_isic2018_federated_s1.log,,,
main_isic2018_federated_s2,Table II: FedAvg,isic2018,federated,none,IID,2,"frozen_journal_v1 (60 rounds, seeds 0-4)",60,0be8eef827af528d (launcher-args hash),9e785b9+dirty,completed-valid,60/60,,results/journal_v1/logs/main_isic2018_federated_s2.log,,,
main_isic2018_federated_s3,Table II: FedAvg,isic2018,federated,none,IID,3,"frozen_journal_v1 (60 rounds, seeds 0-4)",60,c90faa956e3c6946 (launcher-args hash),9e785b9+dirty,completed-valid,60/60,,results/journal_v1/logs/main_isic2018_federated_s3.log,,,
main_isic2018_federated_s4,Table II: FedAvg,isic2018,federated,none,IID,4,"frozen_journal_v1 (60 rounds, seeds 0-4)",60,03b18697b83c9241 (launcher-args hash),9e785b9+dirty,completed-suspect,60/60,,results/journal_v1/logs/main_isic2018_federated_s4.log,,best_at_round_1(no_learning_after_init),diagnose baseline (kept; not silently dropped)
main_isic2018_hetero-sfl_s0,Table II: HeteroSFL,isic2018,hetero-sfl,none,IID,0,"frozen_journal_v1 (60 rounds, seeds 0-4)",60,78fa39ddbee1466b (launcher-args hash),9e785b9+dirty,completed-suspect,60/60,,results/journal_v1/logs/main_isic2018_hetero-sfl_s0.log,,constant_across_seeds(sd<0.05pp),diagnose baseline (kept; not silently dropped)
main_isic2018_hetero-sfl_s1,Table II: HeteroSFL,isic2018,hetero-sfl,none,IID,1,"frozen_journal_v1 (60 rounds, seeds 0-4)",60,65b968bf955355ab (launcher-args hash),9e785b9+dirty,completed-suspect,60/60,,results/journal_v1/logs/main_isic2018_hetero-sfl_s1.log,,constant_across_seeds(sd<0.05pp),diagnose baseline (kept; not silently dropped)
main_isic2018_hetero-sfl_s2,Table II: HeteroSFL,isic2018,hetero-sfl,none,IID,2,"frozen_journal_v1 (60 rounds, seeds 0-4)",60,57949ba7525ef6de (launcher-args hash),9e785b9+dirty,completed-suspect,60/60,,results/journal_v1/logs/main_isic2018_hetero-sfl_s2.log,,constant_across_seeds(sd<0.05pp),diagnose baseline (kept; not silently dropped)
main_isic2018_hetero-sfl_s3,Table II: HeteroSFL,isic2018,hetero-sfl,none,IID,3,"frozen_journal_v1 (60 rounds, seeds 0-4)",60,9906f0756082c315 (launcher-args hash),9e785b9+dirty,completed-suspect,60/60,,results/journal_v1/logs/main_isic2018_hetero-sfl_s3.log,,constant_across_seeds(sd<0.05pp),diagnose baseline (kept; not silently dropped)
main_isic2018_hetero-sfl_s4,Table II: HeteroSFL,isic2018,hetero-sfl,none,IID,4,"frozen_journal_v1 (60 rounds, seeds 0-4)",60,2b5e5d907081ec28 (launcher-args hash),9e785b9+dirty,completed-suspect,60/60,,results/journal_v1/logs/main_isic2018_hetero-sfl_s4.log,,constant_across_seeds(sd<0.05pp),diagnose baseline (kept; not silently dropped)
main_isic2018_hierfl_s0,Table II: HierFL,isic2018,hierfl,none,IID,0,"frozen_journal_v1 (60 rounds, seeds 0-4)",60,958ff335fd49bcf8 (launcher-args hash),9e785b9+dirty,completed-valid,60/60,,results/journal_v1/logs/main_isic2018_hierfl_s0.log,,,
main_isic2018_hierfl_s1,Table II: HierFL,isic2018,hierfl,none,IID,1,"frozen_journal_v1 (60 rounds, seeds 0-4)",60,5bf05ee19dd6b3e6 (launcher-args hash),9e785b9+dirty,completed-valid,60/60,,results/journal_v1/logs/main_isic2018_hierfl_s1.log,,,
main_isic2018_hierfl_s2,Table II: HierFL,isic2018,hierfl,none,IID,2,"frozen_journal_v1 (60 rounds, seeds 0-4)",60,3a9a036452e0ccd7 (launcher-args hash),9e785b9+dirty,completed-valid,60/60,,results/journal_v1/logs/main_isic2018_hierfl_s2.log,,,
main_isic2018_hierfl_s3,Table II: HierFL,isic2018,hierfl,none,IID,3,"frozen_journal_v1 (60 rounds, seeds 0-4)",60,d258917a98c774b8 (launcher-args hash),9e785b9+dirty,completed-valid,60/60,,results/journal_v1/logs/main_isic2018_hierfl_s3.log,,,
main_isic2018_hierfl_s4,Table II: HierFL,isic2018,hierfl,none,IID,4,"frozen_journal_v1 (60 rounds, seeds 0-4)",60,97ab16e3c56c15ca (launcher-args hash),9e785b9+dirty,completed-valid,60/60,,results/journal_v1/logs/main_isic2018_hierfl_s4.log,,,
main_isic2018_hsfl_s0,Table II: HSFL (A),isic2018,hsfl,none,IID,0,"frozen_journal_v1 (60 rounds, seeds 0-4)",60,fcaa88630a67d6dc (launcher-args hash),9e785b9+dirty,completed-valid,60/60,,results/journal_v1/logs/main_isic2018_hsfl_s0.log,,,
main_isic2018_hsfl_s1,Table II: HSFL (A),isic2018,hsfl,none,IID,1,"frozen_journal_v1 (60 rounds, seeds 0-4)",60,d2bed2b225683f10 (launcher-args hash),9e785b9+dirty,completed-valid,60/60,,results/journal_v1/logs/main_isic2018_hsfl_s1.log,,,
main_isic2018_hsfl_s2,Table II: HSFL (A),isic2018,hsfl,none,IID,2,"frozen_journal_v1 (60 rounds, seeds 0-4)",60,bf4a39c2377a9d6a (launcher-args hash),9e785b9+dirty,completed-valid,60/60,,results/journal_v1/logs/main_isic2018_hsfl_s2.log,,,
main_isic2018_hsfl_s3,Table II: HSFL (A),isic2018,hsfl,none,IID,3,"frozen_journal_v1 (60 rounds, seeds 0-4)",60,e336a613b6b0e27c (launcher-args hash),9e785b9+dirty,completed-valid,60/60,,results/journal_v1/logs/main_isic2018_hsfl_s3.log,,,
main_isic2018_hsfl_s4,Table II: HSFL (A),isic2018,hsfl,none,IID,4,"frozen_journal_v1 (60 rounds, seeds 0-4)",60,f00c92d83ce0313e (launcher-args hash),9e785b9+dirty,completed-valid,60/60,,results/journal_v1/logs/main_isic2018_hsfl_s4.log,,,
main_isic2018_hsfp_s0,Table II: H-SFP (A),isic2018,h-sfp,baseline_hsfp,IID,0,"frozen_journal_v1 (60 rounds, seeds 0-4)",60,5ed3288bca5304359e737ff05547dd4b4fc348c99aecbee61be2bd6169c7e934,9e785b9+dirty,completed-valid,60/60,/home/jackson/Desktop/Split-Federated-Merging-Learning/segmentation/H-SFP/Figure/data/runs/e8603b4afde3/5ed3288bca5304359e737ff05547dd4b4fc348c99aecbee61be2bd6169c7e934/checkpoint.pt,results/journal_v1/logs/main_isic2018_hsfp_s0.log,,,
main_isic2018_hsfp_s1,Table II: H-SFP (A),isic2018,h-sfp,baseline_hsfp,IID,1,"frozen_journal_v1 (60 rounds, seeds 0-4)",60,1e1ef7772799442717c9d36bd6ab4be22d33d2a72f0ed2ad2b33612ce546faa1,9e785b9+dirty,completed-valid,60/60,/home/jackson/Desktop/Split-Federated-Merging-Learning/segmentation/H-SFP/Figure/data/runs/e8603b4afde3/1e1ef7772799442717c9d36bd6ab4be22d33d2a72f0ed2ad2b33612ce546faa1/checkpoint.pt,results/journal_v1/logs/main_isic2018_hsfp_s1.log,,,
main_isic2018_hsfp_s2,Table II: H-SFP (A),isic2018,h-sfp,baseline_hsfp,IID,2,"frozen_journal_v1 (60 rounds, seeds 0-4)",60,be325ac20b7a2a0125514f117419ca43a958c904de761d17bcb9877984fd614b,9e785b9+dirty,completed-valid,60/60,/home/jackson/Desktop/Split-Federated-Merging-Learning/segmentation/H-SFP/Figure/data/runs/e8603b4afde3/be325ac20b7a2a0125514f117419ca43a958c904de761d17bcb9877984fd614b/checkpoint.pt,results/journal_v1/logs/main_isic2018_hsfp_s2.log,,,
main_isic2018_hsfp_s3,Table II: H-SFP (A),isic2018,h-sfp,baseline_hsfp,IID,3,"frozen_journal_v1 (60 rounds, seeds 0-4)",60,ae592efe82069d1dc8dd2ca21c6ae76709d2573f90f37ec8544c4aadee7d814a,9e785b9+dirty,completed-valid,60/60,/home/jackson/Desktop/Split-Federated-Merging-Learning/segmentation/H-SFP/Figure/data/runs/e8603b4afde3/ae592efe82069d1dc8dd2ca21c6ae76709d2573f90f37ec8544c4aadee7d814a/checkpoint.pt,results/journal_v1/logs/main_isic2018_hsfp_s3.log,,,
main_isic2018_hsfp_s4,Table II: H-SFP (A),isic2018,h-sfp,baseline_hsfp,IID,4,"frozen_journal_v1 (60 rounds, seeds 0-4)",60,6c66a7350c602effc49616598d440c18ba25adf5746517cb3ac38c2b4ff734e9,9e785b9+dirty,completed-valid,60/60,/home/jackson/Desktop/Split-Federated-Merging-Learning/segmentation/H-SFP/Figure/data/runs/e8603b4afde3/6c66a7350c602effc49616598d440c18ba25adf5746517cb3ac38c2b4ff734e9/checkpoint.pt,results/journal_v1/logs/main_isic2018_hsfp_s4.log,,,
main_isic2018_splitfl_s0,Table II: SplitFed,isic2018,splitfl,none,IID,0,"frozen_journal_v1 (60 rounds, seeds 0-4)",60,16443a3048855363 (launcher-args hash),9e785b9+dirty,completed-valid,60/60,,results/journal_v1/logs/main_isic2018_splitfl_s0.log,,,
main_isic2018_splitfl_s1,Table II: SplitFed,isic2018,splitfl,none,IID,1,"frozen_journal_v1 (60 rounds, seeds 0-4)",60,59cdbb309117c6ae (launcher-args hash),9e785b9+dirty,completed-valid,60/60,,results/journal_v1/logs/main_isic2018_splitfl_s1.log,,,
main_isic2018_splitfl_s2,Table II: SplitFed,isic2018,splitfl,none,IID,2,"frozen_journal_v1 (60 rounds, seeds 0-4)",60,49ae8d2ebddc477a (launcher-args hash),9e785b9+dirty,completed-valid,60/60,,results/journal_v1/logs/main_isic2018_splitfl_s2.log,,,
main_isic2018_splitfl_s3,Table II: SplitFed,isic2018,splitfl,none,IID,3,"frozen_journal_v1 (60 rounds, seeds 0-4)",60,44606f71942c6b33 (launcher-args hash),9e785b9+dirty,completed-valid,60/60,,results/journal_v1/logs/main_isic2018_splitfl_s3.log,,,
main_isic2018_splitfl_s4,Table II: SplitFed,isic2018,splitfl,none,IID,4,"frozen_journal_v1 (60 rounds, seeds 0-4)",60,1a64ea605687872d (launcher-args hash),9e785b9+dirty,completed-valid,60/60,,results/journal_v1/logs/main_isic2018_splitfl_s4.log,,,
memM_cifar100_M0_s0,Table IX: M=0,cifar100,h-sfp,full_e_hsfp [--set memory_per_class=0 --set memory_size=1000000 --set staleness_tau=3],IID,0,"frozen_journal_v1 (60 rounds, seeds 0-4)",60,5e2b72b1d70ff144 (launcher-args hash),9e785b9+dirty,queued,,,,tmux ehsfp-lanes / laneB,,runs when its lane reaches it
memM_cifar100_M0_s1,Table IX: M=0,cifar100,h-sfp,full_e_hsfp [--set memory_per_class=0 --set memory_size=1000000 --set staleness_tau=3],IID,1,"frozen_journal_v1 (60 rounds, seeds 0-4)",60,e2ed9d6633570ee1 (launcher-args hash),9e785b9+dirty,queued,,,,tmux ehsfp-lanes / laneB,,runs when its lane reaches it
memM_cifar100_M0_s2,Table IX: M=0,cifar100,h-sfp,full_e_hsfp [--set memory_per_class=0 --set memory_size=1000000 --set staleness_tau=3],IID,2,"frozen_journal_v1 (60 rounds, seeds 0-4)",60,976b1768e3add0b6 (launcher-args hash),9e785b9+dirty,queued,,,,tmux ehsfp-lanes / laneB,,runs when its lane reaches it
memM_cifar100_M0_s3,Table IX: M=0,cifar100,h-sfp,full_e_hsfp [--set memory_per_class=0 --set memory_size=1000000 --set staleness_tau=3],IID,3,"frozen_journal_v1 (60 rounds, seeds 0-4)",60,6349033fb2fdf387 (launcher-args hash),9e785b9+dirty,queued,,,,tmux ehsfp-lanes / laneB,,runs when its lane reaches it
memM_cifar100_M0_s4,Table IX: M=0,cifar100,h-sfp,full_e_hsfp [--set memory_per_class=0 --set memory_size=1000000 --set staleness_tau=3],IID,4,"frozen_journal_v1 (60 rounds, seeds 0-4)",60,d507c23225637be8 (launcher-args hash),9e785b9+dirty,queued,,,,tmux ehsfp-lanes / laneB,,runs when its lane reaches it
memM_cifar100_M10_s0,Table IX: M=10,cifar100,h-sfp,full_e_hsfp [--set memory_per_class=10 --set memory_size=1000000 --set staleness_tau=3],IID,0,"frozen_journal_v1 (60 rounds, seeds 0-4)",60,17701ed07d0353e1 (launcher-args hash),9e785b9+dirty,queued,,,,tmux ehsfp-lanes / laneB,,runs when its lane reaches it
memM_cifar100_M10_s1,Table IX: M=10,cifar100,h-sfp,full_e_hsfp [--set memory_per_class=10 --set memory_size=1000000 --set staleness_tau=3],IID,1,"frozen_journal_v1 (60 rounds, seeds 0-4)",60,e95132ad7ff6d491 (launcher-args hash),9e785b9+dirty,queued,,,,tmux ehsfp-lanes / laneB,,runs when its lane reaches it
memM_cifar100_M10_s2,Table IX: M=10,cifar100,h-sfp,full_e_hsfp [--set memory_per_class=10 --set memory_size=1000000 --set staleness_tau=3],IID,2,"frozen_journal_v1 (60 rounds, seeds 0-4)",60,086beaef41faa445 (launcher-args hash),9e785b9+dirty,queued,,,,tmux ehsfp-lanes / laneB,,runs when its lane reaches it
memM_cifar100_M10_s3,Table IX: M=10,cifar100,h-sfp,full_e_hsfp [--set memory_per_class=10 --set memory_size=1000000 --set staleness_tau=3],IID,3,"frozen_journal_v1 (60 rounds, seeds 0-4)",60,fb01613c989396a0 (launcher-args hash),9e785b9+dirty,queued,,,,tmux ehsfp-lanes / laneB,,runs when its lane reaches it
memM_cifar100_M10_s4,Table IX: M=10,cifar100,h-sfp,full_e_hsfp [--set memory_per_class=10 --set memory_size=1000000 --set staleness_tau=3],IID,4,"frozen_journal_v1 (60 rounds, seeds 0-4)",60,a2abe1eb75237a27 (launcher-args hash),9e785b9+dirty,queued,,,,tmux ehsfp-lanes / laneB,,runs when its lane reaches it
memM_cifar100_M1_s0,Table IX: M=1,cifar100,h-sfp,full_e_hsfp [--set memory_per_class=1 --set memory_size=1000000 --set staleness_tau=3],IID,0,"frozen_journal_v1 (60 rounds, seeds 0-4)",60,2cf2906d23c97045 (launcher-args hash),9e785b9+dirty,queued,,,,tmux ehsfp-lanes / laneB,,runs when its lane reaches it
memM_cifar100_M1_s1,Table IX: M=1,cifar100,h-sfp,full_e_hsfp [--set memory_per_class=1 --set memory_size=1000000 --set staleness_tau=3],IID,1,"frozen_journal_v1 (60 rounds, seeds 0-4)",60,c8b1b687c7069e1d (launcher-args hash),9e785b9+dirty,queued,,,,tmux ehsfp-lanes / laneB,,runs when its lane reaches it
memM_cifar100_M1_s2,Table IX: M=1,cifar100,h-sfp,full_e_hsfp [--set memory_per_class=1 --set memory_size=1000000 --set staleness_tau=3],IID,2,"frozen_journal_v1 (60 rounds, seeds 0-4)",60,6b8d70ab85d29c66 (launcher-args hash),9e785b9+dirty,queued,,,,tmux ehsfp-lanes / laneB,,runs when its lane reaches it
memM_cifar100_M1_s3,Table IX: M=1,cifar100,h-sfp,full_e_hsfp [--set memory_per_class=1 --set memory_size=1000000 --set staleness_tau=3],IID,3,"frozen_journal_v1 (60 rounds, seeds 0-4)",60,5f814294b0e9b38b (launcher-args hash),9e785b9+dirty,queued,,,,tmux ehsfp-lanes / laneB,,runs when its lane reaches it
memM_cifar100_M1_s4,Table IX: M=1,cifar100,h-sfp,full_e_hsfp [--set memory_per_class=1 --set memory_size=1000000 --set staleness_tau=3],IID,4,"frozen_journal_v1 (60 rounds, seeds 0-4)",60,14cf6989e48e03af (launcher-args hash),9e785b9+dirty,queued,,,,tmux ehsfp-lanes / laneB,,runs when its lane reaches it
memM_cifar100_M20_s0,Table IX: M=20,cifar100,h-sfp,full_e_hsfp [--set memory_per_class=20 --set memory_size=1000000 --set staleness_tau=3],IID,0,"frozen_journal_v1 (60 rounds, seeds 0-4)",60,4d452c98d344c9d2 (launcher-args hash),9e785b9+dirty,queued,,,,tmux ehsfp-lanes / laneB,,runs when its lane reaches it
memM_cifar100_M20_s1,Table IX: M=20,cifar100,h-sfp,full_e_hsfp [--set memory_per_class=20 --set memory_size=1000000 --set staleness_tau=3],IID,1,"frozen_journal_v1 (60 rounds, seeds 0-4)",60,bb6e8938858812d9 (launcher-args hash),9e785b9+dirty,queued,,,,tmux ehsfp-lanes / laneB,,runs when its lane reaches it
memM_cifar100_M20_s2,Table IX: M=20,cifar100,h-sfp,full_e_hsfp [--set memory_per_class=20 --set memory_size=1000000 --set staleness_tau=3],IID,2,"frozen_journal_v1 (60 rounds, seeds 0-4)",60,f891b75c0dd633d4 (launcher-args hash),9e785b9+dirty,queued,,,,tmux ehsfp-lanes / laneB,,runs when its lane reaches it
memM_cifar100_M20_s3,Table IX: M=20,cifar100,h-sfp,full_e_hsfp [--set memory_per_class=20 --set memory_size=1000000 --set staleness_tau=3],IID,3,"frozen_journal_v1 (60 rounds, seeds 0-4)",60,e354cdecd592f121 (launcher-args hash),9e785b9+dirty,queued,,,,tmux ehsfp-lanes / laneB,,runs when its lane reaches it
memM_cifar100_M20_s4,Table IX: M=20,cifar100,h-sfp,full_e_hsfp [--set memory_per_class=20 --set memory_size=1000000 --set staleness_tau=3],IID,4,"frozen_journal_v1 (60 rounds, seeds 0-4)",60,dbc6af957a16651a (launcher-args hash),9e785b9+dirty,queued,,,,tmux ehsfp-lanes / laneB,,runs when its lane reaches it
memM_cifar100_M5_s0,Table IX: M=5,cifar100,h-sfp,full_e_hsfp [--set memory_per_class=5 --set memory_size=1000000 --set staleness_tau=3],IID,0,"frozen_journal_v1 (60 rounds, seeds 0-4)",60,d8a354fbe704a6d0 (launcher-args hash),9e785b9+dirty,queued,,,,tmux ehsfp-lanes / laneB,,runs when its lane reaches it
memM_cifar100_M5_s1,Table IX: M=5,cifar100,h-sfp,full_e_hsfp [--set memory_per_class=5 --set memory_size=1000000 --set staleness_tau=3],IID,1,"frozen_journal_v1 (60 rounds, seeds 0-4)",60,89a6ed11e2d86f48 (launcher-args hash),9e785b9+dirty,queued,,,,tmux ehsfp-lanes / laneB,,runs when its lane reaches it
memM_cifar100_M5_s2,Table IX: M=5,cifar100,h-sfp,full_e_hsfp [--set memory_per_class=5 --set memory_size=1000000 --set staleness_tau=3],IID,2,"frozen_journal_v1 (60 rounds, seeds 0-4)",60,f21773c15e679fb4 (launcher-args hash),9e785b9+dirty,queued,,,,tmux ehsfp-lanes / laneB,,runs when its lane reaches it
memM_cifar100_M5_s3,Table IX: M=5,cifar100,h-sfp,full_e_hsfp [--set memory_per_class=5 --set memory_size=1000000 --set staleness_tau=3],IID,3,"frozen_journal_v1 (60 rounds, seeds 0-4)",60,5e6b39ae8a4b712e (launcher-args hash),9e785b9+dirty,queued,,,,tmux ehsfp-lanes / laneB,,runs when its lane reaches it
memM_cifar100_M5_s4,Table IX: M=5,cifar100,h-sfp,full_e_hsfp [--set memory_per_class=5 --set memory_size=1000000 --set staleness_tau=3],IID,4,"frozen_journal_v1 (60 rounds, seeds 0-4)",60,1b2c3fab2828e29b (launcher-args hash),9e785b9+dirty,queued,,,,tmux ehsfp-lanes / laneB,,runs when its lane reaches it
noniid_a0p3_cifar100_ehsfp_s0,Table VI: cifar100 | Non-IID severe | E-HSFP,cifar100,h-sfp,full_e_hsfp [--set partition=dirichlet --set dirichlet_alpha=0.3],Dirichlet(0.3),0,"frozen_journal_v1 (60 rounds, seeds 0-4)",60,bdb95e03a4481d87 (launcher-args hash),9e785b9+dirty,queued,,,,tmux ehsfp-lanes / laneB,,runs when its lane reaches it
noniid_a0p3_cifar100_ehsfp_s1,Table VI: cifar100 | Non-IID severe | E-HSFP,cifar100,h-sfp,full_e_hsfp [--set partition=dirichlet --set dirichlet_alpha=0.3],Dirichlet(0.3),1,"frozen_journal_v1 (60 rounds, seeds 0-4)",60,05456f5409a871fa (launcher-args hash),9e785b9+dirty,queued,,,,tmux ehsfp-lanes / laneB,,runs when its lane reaches it
noniid_a0p3_cifar100_ehsfp_s2,Table VI: cifar100 | Non-IID severe | E-HSFP,cifar100,h-sfp,full_e_hsfp [--set partition=dirichlet --set dirichlet_alpha=0.3],Dirichlet(0.3),2,"frozen_journal_v1 (60 rounds, seeds 0-4)",60,1d06dd92aa4da5e1 (launcher-args hash),9e785b9+dirty,queued,,,,tmux ehsfp-lanes / laneB,,runs when its lane reaches it
noniid_a0p3_cifar100_ehsfp_s3,Table VI: cifar100 | Non-IID severe | E-HSFP,cifar100,h-sfp,full_e_hsfp [--set partition=dirichlet --set dirichlet_alpha=0.3],Dirichlet(0.3),3,"frozen_journal_v1 (60 rounds, seeds 0-4)",60,bbdf743831cf47e6 (launcher-args hash),9e785b9+dirty,queued,,,,tmux ehsfp-lanes / laneB,,runs when its lane reaches it
noniid_a0p3_cifar100_ehsfp_s4,Table VI: cifar100 | Non-IID severe | E-HSFP,cifar100,h-sfp,full_e_hsfp [--set partition=dirichlet --set dirichlet_alpha=0.3],Dirichlet(0.3),4,"frozen_journal_v1 (60 rounds, seeds 0-4)",60,2be585086729db13 (launcher-args hash),9e785b9+dirty,queued,,,,tmux ehsfp-lanes / laneB,,runs when its lane reaches it
noniid_a0p3_cifar100_hsfp_s0,Table VI: cifar100 | Non-IID severe | H-SFP,cifar100,h-sfp,baseline_hsfp [--set partition=dirichlet --set dirichlet_alpha=0.3],Dirichlet(0.3),0,"frozen_journal_v1 (60 rounds, seeds 0-4)",60,020fd1cba255d346 (launcher-args hash),9e785b9+dirty,queued,,,,tmux ehsfp-lanes / laneB,,runs when its lane reaches it
noniid_a0p3_cifar100_hsfp_s1,Table VI: cifar100 | Non-IID severe | H-SFP,cifar100,h-sfp,baseline_hsfp [--set partition=dirichlet --set dirichlet_alpha=0.3],Dirichlet(0.3),1,"frozen_journal_v1 (60 rounds, seeds 0-4)",60,f644e74e8a860fe3 (launcher-args hash),9e785b9+dirty,queued,,,,tmux ehsfp-lanes / laneB,,runs when its lane reaches it
noniid_a0p3_cifar100_hsfp_s2,Table VI: cifar100 | Non-IID severe | H-SFP,cifar100,h-sfp,baseline_hsfp [--set partition=dirichlet --set dirichlet_alpha=0.3],Dirichlet(0.3),2,"frozen_journal_v1 (60 rounds, seeds 0-4)",60,7a33c3e2cbf3d6ad (launcher-args hash),9e785b9+dirty,queued,,,,tmux ehsfp-lanes / laneB,,runs when its lane reaches it
noniid_a0p3_cifar100_hsfp_s3,Table VI: cifar100 | Non-IID severe | H-SFP,cifar100,h-sfp,baseline_hsfp [--set partition=dirichlet --set dirichlet_alpha=0.3],Dirichlet(0.3),3,"frozen_journal_v1 (60 rounds, seeds 0-4)",60,0fbc531ebfcf4896 (launcher-args hash),9e785b9+dirty,queued,,,,tmux ehsfp-lanes / laneB,,runs when its lane reaches it
noniid_a0p3_cifar100_hsfp_s4,Table VI: cifar100 | Non-IID severe | H-SFP,cifar100,h-sfp,baseline_hsfp [--set partition=dirichlet --set dirichlet_alpha=0.3],Dirichlet(0.3),4,"frozen_journal_v1 (60 rounds, seeds 0-4)",60,0fc422776d03fef5 (launcher-args hash),9e785b9+dirty,queued,,,,tmux ehsfp-lanes / laneB,,runs when its lane reaches it
noniid_a0p3_cifar10_ehsfp_s0,Table VI: cifar10 | Non-IID severe | E-HSFP,cifar10,h-sfp,full_e_hsfp [--set partition=dirichlet --set dirichlet_alpha=0.3],Dirichlet(0.3),0,"frozen_journal_v1 (60 rounds, seeds 0-4)",60,d461cb43392fb8ec (launcher-args hash),9e785b9+dirty,queued,,,,tmux ehsfp-lanes / laneB,,runs when its lane reaches it
noniid_a0p3_cifar10_ehsfp_s1,Table VI: cifar10 | Non-IID severe | E-HSFP,cifar10,h-sfp,full_e_hsfp [--set partition=dirichlet --set dirichlet_alpha=0.3],Dirichlet(0.3),1,"frozen_journal_v1 (60 rounds, seeds 0-4)",60,6589076d5937214d (launcher-args hash),9e785b9+dirty,queued,,,,tmux ehsfp-lanes / laneB,,runs when its lane reaches it
noniid_a0p3_cifar10_ehsfp_s2,Table VI: cifar10 | Non-IID severe | E-HSFP,cifar10,h-sfp,full_e_hsfp [--set partition=dirichlet --set dirichlet_alpha=0.3],Dirichlet(0.3),2,"frozen_journal_v1 (60 rounds, seeds 0-4)",60,7872e023dd8e2b8f (launcher-args hash),9e785b9+dirty,queued,,,,tmux ehsfp-lanes / laneB,,runs when its lane reaches it
noniid_a0p3_cifar10_ehsfp_s3,Table VI: cifar10 | Non-IID severe | E-HSFP,cifar10,h-sfp,full_e_hsfp [--set partition=dirichlet --set dirichlet_alpha=0.3],Dirichlet(0.3),3,"frozen_journal_v1 (60 rounds, seeds 0-4)",60,4d759025bc06d874 (launcher-args hash),9e785b9+dirty,queued,,,,tmux ehsfp-lanes / laneB,,runs when its lane reaches it
noniid_a0p3_cifar10_ehsfp_s4,Table VI: cifar10 | Non-IID severe | E-HSFP,cifar10,h-sfp,full_e_hsfp [--set partition=dirichlet --set dirichlet_alpha=0.3],Dirichlet(0.3),4,"frozen_journal_v1 (60 rounds, seeds 0-4)",60,5401bfa4f955ddae (launcher-args hash),9e785b9+dirty,queued,,,,tmux ehsfp-lanes / laneB,,runs when its lane reaches it
noniid_a0p3_cifar10_hsfp_s0,Table VI: cifar10 | Non-IID severe | H-SFP,cifar10,h-sfp,baseline_hsfp [--set partition=dirichlet --set dirichlet_alpha=0.3],Dirichlet(0.3),0,"frozen_journal_v1 (60 rounds, seeds 0-4)",60,0407f25d320ba128 (launcher-args hash),9e785b9+dirty,queued,,,,tmux ehsfp-lanes / laneB,,runs when its lane reaches it
noniid_a0p3_cifar10_hsfp_s1,Table VI: cifar10 | Non-IID severe | H-SFP,cifar10,h-sfp,baseline_hsfp [--set partition=dirichlet --set dirichlet_alpha=0.3],Dirichlet(0.3),1,"frozen_journal_v1 (60 rounds, seeds 0-4)",60,41c949d2ae80fb8d (launcher-args hash),9e785b9+dirty,queued,,,,tmux ehsfp-lanes / laneB,,runs when its lane reaches it
noniid_a0p3_cifar10_hsfp_s2,Table VI: cifar10 | Non-IID severe | H-SFP,cifar10,h-sfp,baseline_hsfp [--set partition=dirichlet --set dirichlet_alpha=0.3],Dirichlet(0.3),2,"frozen_journal_v1 (60 rounds, seeds 0-4)",60,adfb461c34d89137 (launcher-args hash),9e785b9+dirty,queued,,,,tmux ehsfp-lanes / laneB,,runs when its lane reaches it
noniid_a0p3_cifar10_hsfp_s3,Table VI: cifar10 | Non-IID severe | H-SFP,cifar10,h-sfp,baseline_hsfp [--set partition=dirichlet --set dirichlet_alpha=0.3],Dirichlet(0.3),3,"frozen_journal_v1 (60 rounds, seeds 0-4)",60,fdf7008705e524ff (launcher-args hash),9e785b9+dirty,queued,,,,tmux ehsfp-lanes / laneB,,runs when its lane reaches it
noniid_a0p3_cifar10_hsfp_s4,Table VI: cifar10 | Non-IID severe | H-SFP,cifar10,h-sfp,baseline_hsfp [--set partition=dirichlet --set dirichlet_alpha=0.3],Dirichlet(0.3),4,"frozen_journal_v1 (60 rounds, seeds 0-4)",60,8ea61f2131f17084 (launcher-args hash),9e785b9+dirty,queued,,,,tmux ehsfp-lanes / laneB,,runs when its lane reaches it
noniid_a0p3_ham10000_ehsfp_s0,Table VI: ham10000 | Non-IID severe | E-HSFP,ham10000,h-sfp,full_e_hsfp [--set partition=dirichlet --set dirichlet_alpha=0.3],Dirichlet(0.3),0,"frozen_journal_v1 (60 rounds, seeds 0-4)",60,297360be119e37c1 (launcher-args hash),9e785b9+dirty,queued,,,,tmux ehsfp-lanes / laneB,,runs when its lane reaches it
noniid_a0p3_ham10000_ehsfp_s1,Table VI: ham10000 | Non-IID severe | E-HSFP,ham10000,h-sfp,full_e_hsfp [--set partition=dirichlet --set dirichlet_alpha=0.3],Dirichlet(0.3),1,"frozen_journal_v1 (60 rounds, seeds 0-4)",60,6bfa9c9bcd51273b (launcher-args hash),9e785b9+dirty,queued,,,,tmux ehsfp-lanes / laneB,,runs when its lane reaches it
noniid_a0p3_ham10000_ehsfp_s2,Table VI: ham10000 | Non-IID severe | E-HSFP,ham10000,h-sfp,full_e_hsfp [--set partition=dirichlet --set dirichlet_alpha=0.3],Dirichlet(0.3),2,"frozen_journal_v1 (60 rounds, seeds 0-4)",60,4e994461da659dc5 (launcher-args hash),9e785b9+dirty,queued,,,,tmux ehsfp-lanes / laneB,,runs when its lane reaches it
noniid_a0p3_ham10000_ehsfp_s3,Table VI: ham10000 | Non-IID severe | E-HSFP,ham10000,h-sfp,full_e_hsfp [--set partition=dirichlet --set dirichlet_alpha=0.3],Dirichlet(0.3),3,"frozen_journal_v1 (60 rounds, seeds 0-4)",60,ac3d659e59ee3580 (launcher-args hash),9e785b9+dirty,queued,,,,tmux ehsfp-lanes / laneB,,runs when its lane reaches it
noniid_a0p3_ham10000_ehsfp_s4,Table VI: ham10000 | Non-IID severe | E-HSFP,ham10000,h-sfp,full_e_hsfp [--set partition=dirichlet --set dirichlet_alpha=0.3],Dirichlet(0.3),4,"frozen_journal_v1 (60 rounds, seeds 0-4)",60,a72f9e153b7ffa06 (launcher-args hash),9e785b9+dirty,queued,,,,tmux ehsfp-lanes / laneB,,runs when its lane reaches it
noniid_a0p3_ham10000_hsfp_s0,Table VI: ham10000 | Non-IID severe | H-SFP,ham10000,h-sfp,baseline_hsfp [--set partition=dirichlet --set dirichlet_alpha=0.3],Dirichlet(0.3),0,"frozen_journal_v1 (60 rounds, seeds 0-4)",60,8c08ffd6da7651f8 (launcher-args hash),9e785b9+dirty,queued,,,,tmux ehsfp-lanes / laneB,,runs when its lane reaches it
noniid_a0p3_ham10000_hsfp_s1,Table VI: ham10000 | Non-IID severe | H-SFP,ham10000,h-sfp,baseline_hsfp [--set partition=dirichlet --set dirichlet_alpha=0.3],Dirichlet(0.3),1,"frozen_journal_v1 (60 rounds, seeds 0-4)",60,bfc3a15b231733f8 (launcher-args hash),9e785b9+dirty,queued,,,,tmux ehsfp-lanes / laneB,,runs when its lane reaches it
noniid_a0p3_ham10000_hsfp_s2,Table VI: ham10000 | Non-IID severe | H-SFP,ham10000,h-sfp,baseline_hsfp [--set partition=dirichlet --set dirichlet_alpha=0.3],Dirichlet(0.3),2,"frozen_journal_v1 (60 rounds, seeds 0-4)",60,ce07875687c5a2ad (launcher-args hash),9e785b9+dirty,queued,,,,tmux ehsfp-lanes / laneB,,runs when its lane reaches it
noniid_a0p3_ham10000_hsfp_s3,Table VI: ham10000 | Non-IID severe | H-SFP,ham10000,h-sfp,baseline_hsfp [--set partition=dirichlet --set dirichlet_alpha=0.3],Dirichlet(0.3),3,"frozen_journal_v1 (60 rounds, seeds 0-4)",60,87369543fc15e783 (launcher-args hash),9e785b9+dirty,queued,,,,tmux ehsfp-lanes / laneB,,runs when its lane reaches it
noniid_a0p3_ham10000_hsfp_s4,Table VI: ham10000 | Non-IID severe | H-SFP,ham10000,h-sfp,baseline_hsfp [--set partition=dirichlet --set dirichlet_alpha=0.3],Dirichlet(0.3),4,"frozen_journal_v1 (60 rounds, seeds 0-4)",60,494345c870b6022c (launcher-args hash),9e785b9+dirty,queued,,,,tmux ehsfp-lanes / laneB,,runs when its lane reaches it
noniid_a0p7_cifar100_ehsfp_s0,Table VI: cifar100 | Non-IID mild | E-HSFP,cifar100,h-sfp,full_e_hsfp [--set partition=dirichlet --set dirichlet_alpha=0.7],Dirichlet(0.7),0,"frozen_journal_v1 (60 rounds, seeds 0-4)",60,31ec956e3a420ddb (launcher-args hash),9e785b9+dirty,queued,,,,tmux ehsfp-lanes / laneB,,runs when its lane reaches it
noniid_a0p7_cifar100_ehsfp_s1,Table VI: cifar100 | Non-IID mild | E-HSFP,cifar100,h-sfp,full_e_hsfp [--set partition=dirichlet --set dirichlet_alpha=0.7],Dirichlet(0.7),1,"frozen_journal_v1 (60 rounds, seeds 0-4)",60,2c88563323965a87 (launcher-args hash),9e785b9+dirty,queued,,,,tmux ehsfp-lanes / laneB,,runs when its lane reaches it
noniid_a0p7_cifar100_ehsfp_s2,Table VI: cifar100 | Non-IID mild | E-HSFP,cifar100,h-sfp,full_e_hsfp [--set partition=dirichlet --set dirichlet_alpha=0.7],Dirichlet(0.7),2,"frozen_journal_v1 (60 rounds, seeds 0-4)",60,6d8feb2978b634ea (launcher-args hash),9e785b9+dirty,queued,,,,tmux ehsfp-lanes / laneB,,runs when its lane reaches it
noniid_a0p7_cifar100_ehsfp_s3,Table VI: cifar100 | Non-IID mild | E-HSFP,cifar100,h-sfp,full_e_hsfp [--set partition=dirichlet --set dirichlet_alpha=0.7],Dirichlet(0.7),3,"frozen_journal_v1 (60 rounds, seeds 0-4)",60,fec51e91c66e355f (launcher-args hash),9e785b9+dirty,queued,,,,tmux ehsfp-lanes / laneB,,runs when its lane reaches it
noniid_a0p7_cifar100_ehsfp_s4,Table VI: cifar100 | Non-IID mild | E-HSFP,cifar100,h-sfp,full_e_hsfp [--set partition=dirichlet --set dirichlet_alpha=0.7],Dirichlet(0.7),4,"frozen_journal_v1 (60 rounds, seeds 0-4)",60,27cb04649c118191 (launcher-args hash),9e785b9+dirty,queued,,,,tmux ehsfp-lanes / laneB,,runs when its lane reaches it
noniid_a0p7_cifar100_hsfp_s0,Table VI: cifar100 | Non-IID mild | H-SFP,cifar100,h-sfp,baseline_hsfp [--set partition=dirichlet --set dirichlet_alpha=0.7],Dirichlet(0.7),0,"frozen_journal_v1 (60 rounds, seeds 0-4)",60,419ce596d40a43a6 (launcher-args hash),9e785b9+dirty,queued,,,,tmux ehsfp-lanes / laneB,,runs when its lane reaches it
noniid_a0p7_cifar100_hsfp_s1,Table VI: cifar100 | Non-IID mild | H-SFP,cifar100,h-sfp,baseline_hsfp [--set partition=dirichlet --set dirichlet_alpha=0.7],Dirichlet(0.7),1,"frozen_journal_v1 (60 rounds, seeds 0-4)",60,b94655587bd56939 (launcher-args hash),9e785b9+dirty,queued,,,,tmux ehsfp-lanes / laneB,,runs when its lane reaches it
noniid_a0p7_cifar100_hsfp_s2,Table VI: cifar100 | Non-IID mild | H-SFP,cifar100,h-sfp,baseline_hsfp [--set partition=dirichlet --set dirichlet_alpha=0.7],Dirichlet(0.7),2,"frozen_journal_v1 (60 rounds, seeds 0-4)",60,02097cc4cf6d2ef2 (launcher-args hash),9e785b9+dirty,queued,,,,tmux ehsfp-lanes / laneB,,runs when its lane reaches it
noniid_a0p7_cifar100_hsfp_s3,Table VI: cifar100 | Non-IID mild | H-SFP,cifar100,h-sfp,baseline_hsfp [--set partition=dirichlet --set dirichlet_alpha=0.7],Dirichlet(0.7),3,"frozen_journal_v1 (60 rounds, seeds 0-4)",60,f159886c81115d5b (launcher-args hash),9e785b9+dirty,queued,,,,tmux ehsfp-lanes / laneB,,runs when its lane reaches it
noniid_a0p7_cifar100_hsfp_s4,Table VI: cifar100 | Non-IID mild | H-SFP,cifar100,h-sfp,baseline_hsfp [--set partition=dirichlet --set dirichlet_alpha=0.7],Dirichlet(0.7),4,"frozen_journal_v1 (60 rounds, seeds 0-4)",60,c794537e73b9774f (launcher-args hash),9e785b9+dirty,queued,,,,tmux ehsfp-lanes / laneB,,runs when its lane reaches it
noniid_a0p7_cifar10_ehsfp_s0,Table VI: cifar10 | Non-IID mild | E-HSFP,cifar10,h-sfp,full_e_hsfp [--set partition=dirichlet --set dirichlet_alpha=0.7],Dirichlet(0.7),0,"frozen_journal_v1 (60 rounds, seeds 0-4)",60,e13aee0a0afbf858 (launcher-args hash),9e785b9+dirty,queued,,,,tmux ehsfp-lanes / laneB,,runs when its lane reaches it
noniid_a0p7_cifar10_ehsfp_s1,Table VI: cifar10 | Non-IID mild | E-HSFP,cifar10,h-sfp,full_e_hsfp [--set partition=dirichlet --set dirichlet_alpha=0.7],Dirichlet(0.7),1,"frozen_journal_v1 (60 rounds, seeds 0-4)",60,a6fcc7e3dbd10a3b (launcher-args hash),9e785b9+dirty,queued,,,,tmux ehsfp-lanes / laneB,,runs when its lane reaches it
noniid_a0p7_cifar10_ehsfp_s2,Table VI: cifar10 | Non-IID mild | E-HSFP,cifar10,h-sfp,full_e_hsfp [--set partition=dirichlet --set dirichlet_alpha=0.7],Dirichlet(0.7),2,"frozen_journal_v1 (60 rounds, seeds 0-4)",60,6cf659a8f81efb7f (launcher-args hash),9e785b9+dirty,queued,,,,tmux ehsfp-lanes / laneB,,runs when its lane reaches it
noniid_a0p7_cifar10_ehsfp_s3,Table VI: cifar10 | Non-IID mild | E-HSFP,cifar10,h-sfp,full_e_hsfp [--set partition=dirichlet --set dirichlet_alpha=0.7],Dirichlet(0.7),3,"frozen_journal_v1 (60 rounds, seeds 0-4)",60,60bb4cbc5a4095d8 (launcher-args hash),9e785b9+dirty,queued,,,,tmux ehsfp-lanes / laneB,,runs when its lane reaches it
noniid_a0p7_cifar10_ehsfp_s4,Table VI: cifar10 | Non-IID mild | E-HSFP,cifar10,h-sfp,full_e_hsfp [--set partition=dirichlet --set dirichlet_alpha=0.7],Dirichlet(0.7),4,"frozen_journal_v1 (60 rounds, seeds 0-4)",60,853a5b861aec5d30 (launcher-args hash),9e785b9+dirty,queued,,,,tmux ehsfp-lanes / laneB,,runs when its lane reaches it
noniid_a0p7_cifar10_hsfp_s0,Table VI: cifar10 | Non-IID mild | H-SFP,cifar10,h-sfp,baseline_hsfp [--set partition=dirichlet --set dirichlet_alpha=0.7],Dirichlet(0.7),0,"frozen_journal_v1 (60 rounds, seeds 0-4)",60,516f37f559c69c7a (launcher-args hash),9e785b9+dirty,queued,,,,tmux ehsfp-lanes / laneB,,runs when its lane reaches it
noniid_a0p7_cifar10_hsfp_s1,Table VI: cifar10 | Non-IID mild | H-SFP,cifar10,h-sfp,baseline_hsfp [--set partition=dirichlet --set dirichlet_alpha=0.7],Dirichlet(0.7),1,"frozen_journal_v1 (60 rounds, seeds 0-4)",60,43b2fcbf185083af (launcher-args hash),9e785b9+dirty,queued,,,,tmux ehsfp-lanes / laneB,,runs when its lane reaches it
noniid_a0p7_cifar10_hsfp_s2,Table VI: cifar10 | Non-IID mild | H-SFP,cifar10,h-sfp,baseline_hsfp [--set partition=dirichlet --set dirichlet_alpha=0.7],Dirichlet(0.7),2,"frozen_journal_v1 (60 rounds, seeds 0-4)",60,4e16fe4083d16fa9 (launcher-args hash),9e785b9+dirty,queued,,,,tmux ehsfp-lanes / laneB,,runs when its lane reaches it
noniid_a0p7_cifar10_hsfp_s3,Table VI: cifar10 | Non-IID mild | H-SFP,cifar10,h-sfp,baseline_hsfp [--set partition=dirichlet --set dirichlet_alpha=0.7],Dirichlet(0.7),3,"frozen_journal_v1 (60 rounds, seeds 0-4)",60,ff2486edc63f0b47 (launcher-args hash),9e785b9+dirty,queued,,,,tmux ehsfp-lanes / laneB,,runs when its lane reaches it
noniid_a0p7_cifar10_hsfp_s4,Table VI: cifar10 | Non-IID mild | H-SFP,cifar10,h-sfp,baseline_hsfp [--set partition=dirichlet --set dirichlet_alpha=0.7],Dirichlet(0.7),4,"frozen_journal_v1 (60 rounds, seeds 0-4)",60,9c893cf5db068eca (launcher-args hash),9e785b9+dirty,queued,,,,tmux ehsfp-lanes / laneB,,runs when its lane reaches it
noniid_a0p7_ham10000_ehsfp_s0,Table VI: ham10000 | Non-IID mild | E-HSFP,ham10000,h-sfp,full_e_hsfp [--set partition=dirichlet --set dirichlet_alpha=0.7],Dirichlet(0.7),0,"frozen_journal_v1 (60 rounds, seeds 0-4)",60,4d90fabc68e1ce28 (launcher-args hash),9e785b9+dirty,queued,,,,tmux ehsfp-lanes / laneB,,runs when its lane reaches it
noniid_a0p7_ham10000_ehsfp_s1,Table VI: ham10000 | Non-IID mild | E-HSFP,ham10000,h-sfp,full_e_hsfp [--set partition=dirichlet --set dirichlet_alpha=0.7],Dirichlet(0.7),1,"frozen_journal_v1 (60 rounds, seeds 0-4)",60,3ad443f484698fdd (launcher-args hash),9e785b9+dirty,queued,,,,tmux ehsfp-lanes / laneB,,runs when its lane reaches it
noniid_a0p7_ham10000_ehsfp_s2,Table VI: ham10000 | Non-IID mild | E-HSFP,ham10000,h-sfp,full_e_hsfp [--set partition=dirichlet --set dirichlet_alpha=0.7],Dirichlet(0.7),2,"frozen_journal_v1 (60 rounds, seeds 0-4)",60,086b5c4b43550cd0 (launcher-args hash),9e785b9+dirty,queued,,,,tmux ehsfp-lanes / laneB,,runs when its lane reaches it
noniid_a0p7_ham10000_ehsfp_s3,Table VI: ham10000 | Non-IID mild | E-HSFP,ham10000,h-sfp,full_e_hsfp [--set partition=dirichlet --set dirichlet_alpha=0.7],Dirichlet(0.7),3,"frozen_journal_v1 (60 rounds, seeds 0-4)",60,79036a1962462f8c (launcher-args hash),9e785b9+dirty,queued,,,,tmux ehsfp-lanes / laneB,,runs when its lane reaches it
noniid_a0p7_ham10000_ehsfp_s4,Table VI: ham10000 | Non-IID mild | E-HSFP,ham10000,h-sfp,full_e_hsfp [--set partition=dirichlet --set dirichlet_alpha=0.7],Dirichlet(0.7),4,"frozen_journal_v1 (60 rounds, seeds 0-4)",60,5e2dcff006bf63e0 (launcher-args hash),9e785b9+dirty,queued,,,,tmux ehsfp-lanes / laneB,,runs when its lane reaches it
noniid_a0p7_ham10000_hsfp_s0,Table VI: ham10000 | Non-IID mild | H-SFP,ham10000,h-sfp,baseline_hsfp [--set partition=dirichlet --set dirichlet_alpha=0.7],Dirichlet(0.7),0,"frozen_journal_v1 (60 rounds, seeds 0-4)",60,5ff60f642bd32fba (launcher-args hash),9e785b9+dirty,queued,,,,tmux ehsfp-lanes / laneB,,runs when its lane reaches it
noniid_a0p7_ham10000_hsfp_s1,Table VI: ham10000 | Non-IID mild | H-SFP,ham10000,h-sfp,baseline_hsfp [--set partition=dirichlet --set dirichlet_alpha=0.7],Dirichlet(0.7),1,"frozen_journal_v1 (60 rounds, seeds 0-4)",60,7c41f9d2cc08956c (launcher-args hash),9e785b9+dirty,queued,,,,tmux ehsfp-lanes / laneB,,runs when its lane reaches it
noniid_a0p7_ham10000_hsfp_s2,Table VI: ham10000 | Non-IID mild | H-SFP,ham10000,h-sfp,baseline_hsfp [--set partition=dirichlet --set dirichlet_alpha=0.7],Dirichlet(0.7),2,"frozen_journal_v1 (60 rounds, seeds 0-4)",60,5309322a7a266bb4 (launcher-args hash),9e785b9+dirty,queued,,,,tmux ehsfp-lanes / laneB,,runs when its lane reaches it
noniid_a0p7_ham10000_hsfp_s3,Table VI: ham10000 | Non-IID mild | H-SFP,ham10000,h-sfp,baseline_hsfp [--set partition=dirichlet --set dirichlet_alpha=0.7],Dirichlet(0.7),3,"frozen_journal_v1 (60 rounds, seeds 0-4)",60,9da9fd4fe3801ad3 (launcher-args hash),9e785b9+dirty,queued,,,,tmux ehsfp-lanes / laneB,,runs when its lane reaches it
noniid_a0p7_ham10000_hsfp_s4,Table VI: ham10000 | Non-IID mild | H-SFP,ham10000,h-sfp,baseline_hsfp [--set partition=dirichlet --set dirichlet_alpha=0.7],Dirichlet(0.7),4,"frozen_journal_v1 (60 rounds, seeds 0-4)",60,a74c8f54089633bf (launcher-args hash),9e785b9+dirty,queued,,,,tmux ehsfp-lanes / laneB,,runs when its lane reaches it
parity_cifar100_hsfp,supporting,cifar100,h-sfp,baseline_hsfp,IID,0,"parity gate (60 rounds, seed 0) — duplicate of main_*_hsfp_s0",60,455d179217e179778327403661bb4d5b657efd69615ba4931f3357eb6b2a0c8e,9e785b9+dirty,completed-valid (duplicate of main_*_hsfp_s0; not pooled),60/60,/home/jackson/Desktop/Split-Federated-Merging-Learning/outputs/journal_v1/parity_cifar100_hsfp/2ddc3d9efc2c/455d179217e179778327403661bb4d5b657efd69615ba4931f3357eb6b2a0c8e/checkpoint.pt,results/journal_v1/logs/parity_cifar100_hsfp.log,,,
parity_cifar10_hsfp,supporting,cifar10,h-sfp,baseline_hsfp,IID,0,"parity gate (60 rounds, seed 0) — duplicate of main_*_hsfp_s0",60,b3cf8082daa4d8c88e1874fadae654e0f2514099d674096c80c3f728b659a2a7,9e785b9+dirty,completed-valid (duplicate of main_*_hsfp_s0; not pooled),60/60,/home/jackson/Desktop/Split-Federated-Merging-Learning/outputs/journal_v1/parity_cifar10_hsfp/e7518bc2282a/b3cf8082daa4d8c88e1874fadae654e0f2514099d674096c80c3f728b659a2a7/checkpoint.pt,results/journal_v1/logs/parity_cifar10_hsfp.log,,,
parity_ham10000_hsfp,supporting,ham10000,h-sfp,baseline_hsfp,IID,0,"parity gate (60 rounds, seed 0) — duplicate of main_*_hsfp_s0",60,27de5b2830364b6978f6c33efb030b9ddfc1159d23b685e785ae25f07936efdb,9e785b9+dirty,completed-valid (duplicate of main_*_hsfp_s0; not pooled),60/60,/home/jackson/Desktop/Split-Federated-Merging-Learning/outputs/journal_v1/parity_ham10000_hsfp/ebb9daeaf490/27de5b2830364b6978f6c33efb030b9ddfc1159d23b685e785ae25f07936efdb/checkpoint.pt,results/journal_v1/logs/parity_ham10000_hsfp.log,,,
parity_isic2018_hsfp,supporting,isic2018,h-sfp,baseline_hsfp,IID,0,"parity gate (60 rounds, seed 0) — duplicate of main_*_hsfp_s0",60,3d7712905989022b0841497443030942bfe12b0431489926d8f0ba6288559233,9e785b9+dirty,completed-valid (duplicate of main_*_hsfp_s0; not pooled),60/60,/home/jackson/Desktop/Split-Federated-Merging-Learning/segmentation/H-SFP/Figure/data/runs/e8603b4afde3/3d7712905989022b0841497443030942bfe12b0431489926d8f0ba6288559233/checkpoint.pt,results/journal_v1/logs/parity_isic2018_hsfp.log,,,
scale_cifar100_K100_hsfp_s0,Table XII: K=100,cifar100,h-sfp,baseline_hsfp [--set num_users=100],IID,0,"frozen_journal_v1 (60 rounds, seeds 0-4)",60,de49ccf3107b455c (launcher-args hash),9e785b9+dirty,queued,,,,tmux ehsfp-lanes / laneB,,runs when its lane reaches it
scale_cifar100_K100_hsfp_s1,Table XII: K=100,cifar100,h-sfp,baseline_hsfp [--set num_users=100],IID,1,"frozen_journal_v1 (60 rounds, seeds 0-4)",60,bfe877b47bd1fde6 (launcher-args hash),9e785b9+dirty,queued,,,,tmux ehsfp-lanes / laneB,,runs when its lane reaches it
scale_cifar100_K100_hsfp_s2,Table XII: K=100,cifar100,h-sfp,baseline_hsfp [--set num_users=100],IID,2,"frozen_journal_v1 (60 rounds, seeds 0-4)",60,4fb0d0112f77dbd5 (launcher-args hash),9e785b9+dirty,queued,,,,tmux ehsfp-lanes / laneB,,runs when its lane reaches it
scale_cifar100_K100_hsfp_s3,Table XII: K=100,cifar100,h-sfp,baseline_hsfp [--set num_users=100],IID,3,"frozen_journal_v1 (60 rounds, seeds 0-4)",60,58e687bd85bf4e8f (launcher-args hash),9e785b9+dirty,queued,,,,tmux ehsfp-lanes / laneB,,runs when its lane reaches it
scale_cifar100_K100_hsfp_s4,Table XII: K=100,cifar100,h-sfp,baseline_hsfp [--set num_users=100],IID,4,"frozen_journal_v1 (60 rounds, seeds 0-4)",60,c51faa174a1858a4 (launcher-args hash),9e785b9+dirty,queued,,,,tmux ehsfp-lanes / laneB,,runs when its lane reaches it
scale_cifar100_K20_hsfp_s0,Table XII: K=20,cifar100,h-sfp,baseline_hsfp [--set num_users=20],IID,0,"frozen_journal_v1 (60 rounds, seeds 0-4)",60,29e3c5ed7199d8be (launcher-args hash),9e785b9+dirty,queued,,,,tmux ehsfp-lanes / laneB,,runs when its lane reaches it
scale_cifar100_K20_hsfp_s1,Table XII: K=20,cifar100,h-sfp,baseline_hsfp [--set num_users=20],IID,1,"frozen_journal_v1 (60 rounds, seeds 0-4)",60,fb0dd7f7e601e9fa (launcher-args hash),9e785b9+dirty,queued,,,,tmux ehsfp-lanes / laneB,,runs when its lane reaches it
scale_cifar100_K20_hsfp_s2,Table XII: K=20,cifar100,h-sfp,baseline_hsfp [--set num_users=20],IID,2,"frozen_journal_v1 (60 rounds, seeds 0-4)",60,7c34c87269d0128c (launcher-args hash),9e785b9+dirty,queued,,,,tmux ehsfp-lanes / laneB,,runs when its lane reaches it
scale_cifar100_K20_hsfp_s3,Table XII: K=20,cifar100,h-sfp,baseline_hsfp [--set num_users=20],IID,3,"frozen_journal_v1 (60 rounds, seeds 0-4)",60,9b91fe6c7c786921 (launcher-args hash),9e785b9+dirty,queued,,,,tmux ehsfp-lanes / laneB,,runs when its lane reaches it
scale_cifar100_K20_hsfp_s4,Table XII: K=20,cifar100,h-sfp,baseline_hsfp [--set num_users=20],IID,4,"frozen_journal_v1 (60 rounds, seeds 0-4)",60,e0b8e1ca9e32a62b (launcher-args hash),9e785b9+dirty,queued,,,,tmux ehsfp-lanes / laneB,,runs when its lane reaches it
scale_cifar100_K500_hsfp_s0,Table XII: K=500,cifar100,h-sfp,baseline_hsfp [--set num_users=500],IID,0,"frozen_journal_v1 (60 rounds, seeds 0-4)",60,f58f5357fc195ac7 (launcher-args hash),9e785b9+dirty,queued,,,,tmux ehsfp-lanes / laneB,,runs when its lane reaches it
scale_cifar100_K500_hsfp_s1,Table XII: K=500,cifar100,h-sfp,baseline_hsfp [--set num_users=500],IID,1,"frozen_journal_v1 (60 rounds, seeds 0-4)",60,f03030dfcbb6ac1b (launcher-args hash),9e785b9+dirty,queued,,,,tmux ehsfp-lanes / laneB,,runs when its lane reaches it
scale_cifar100_K500_hsfp_s2,Table XII: K=500,cifar100,h-sfp,baseline_hsfp [--set num_users=500],IID,2,"frozen_journal_v1 (60 rounds, seeds 0-4)",60,c9d3ecd0a063737d (launcher-args hash),9e785b9+dirty,queued,,,,tmux ehsfp-lanes / laneB,,runs when its lane reaches it
scale_cifar100_K500_hsfp_s3,Table XII: K=500,cifar100,h-sfp,baseline_hsfp [--set num_users=500],IID,3,"frozen_journal_v1 (60 rounds, seeds 0-4)",60,49fd3290df5c04a1 (launcher-args hash),9e785b9+dirty,queued,,,,tmux ehsfp-lanes / laneB,,runs when its lane reaches it
scale_cifar100_K500_hsfp_s4,Table XII: K=500,cifar100,h-sfp,baseline_hsfp [--set num_users=500],IID,4,"frozen_journal_v1 (60 rounds, seeds 0-4)",60,3a674cb2093ba69e (launcher-args hash),9e785b9+dirty,queued,,,,tmux ehsfp-lanes / laneB,,runs when its lane reaches it
scale_cifar100_K50_hsfp_s0,Table XII: K=50,cifar100,h-sfp,baseline_hsfp [--set num_users=50],IID,0,"frozen_journal_v1 (60 rounds, seeds 0-4)",60,1e3c6c252e717ca2 (launcher-args hash),9e785b9+dirty,queued,,,,tmux ehsfp-lanes / laneB,,runs when its lane reaches it
scale_cifar100_K50_hsfp_s1,Table XII: K=50,cifar100,h-sfp,baseline_hsfp [--set num_users=50],IID,1,"frozen_journal_v1 (60 rounds, seeds 0-4)",60,1db9ea548676094a (launcher-args hash),9e785b9+dirty,queued,,,,tmux ehsfp-lanes / laneB,,runs when its lane reaches it
scale_cifar100_K50_hsfp_s2,Table XII: K=50,cifar100,h-sfp,baseline_hsfp [--set num_users=50],IID,2,"frozen_journal_v1 (60 rounds, seeds 0-4)",60,12dd9426c3fc9a0e (launcher-args hash),9e785b9+dirty,queued,,,,tmux ehsfp-lanes / laneB,,runs when its lane reaches it
scale_cifar100_K50_hsfp_s3,Table XII: K=50,cifar100,h-sfp,baseline_hsfp [--set num_users=50],IID,3,"frozen_journal_v1 (60 rounds, seeds 0-4)",60,0c770fcba044b030 (launcher-args hash),9e785b9+dirty,queued,,,,tmux ehsfp-lanes / laneB,,runs when its lane reaches it
scale_cifar100_K50_hsfp_s4,Table XII: K=50,cifar100,h-sfp,baseline_hsfp [--set num_users=50],IID,4,"frozen_journal_v1 (60 rounds, seeds 0-4)",60,e9f91bdcb13cc194 (launcher-args hash),9e785b9+dirty,queued,,,,tmux ehsfp-lanes / laneB,,runs when its lane reaches it
stale_cifar100_tau10_s0,Table IV: tau=10,cifar100,h-sfp,full_e_hsfp [--set staleness_tau=10],IID,0,"frozen_journal_v1 (60 rounds, seeds 0-4)",60,73c62ab528e780ed (launcher-args hash),9e785b9+dirty,queued,,,,tmux ehsfp-lanes / laneB,,runs when its lane reaches it
stale_cifar100_tau10_s1,Table IV: tau=10,cifar100,h-sfp,full_e_hsfp [--set staleness_tau=10],IID,1,"frozen_journal_v1 (60 rounds, seeds 0-4)",60,1e3b56259671bdb2 (launcher-args hash),9e785b9+dirty,queued,,,,tmux ehsfp-lanes / laneB,,runs when its lane reaches it
stale_cifar100_tau10_s2,Table IV: tau=10,cifar100,h-sfp,full_e_hsfp [--set staleness_tau=10],IID,2,"frozen_journal_v1 (60 rounds, seeds 0-4)",60,25c5264ca46aee52 (launcher-args hash),9e785b9+dirty,queued,,,,tmux ehsfp-lanes / laneB,,runs when its lane reaches it
stale_cifar100_tau10_s3,Table IV: tau=10,cifar100,h-sfp,full_e_hsfp [--set staleness_tau=10],IID,3,"frozen_journal_v1 (60 rounds, seeds 0-4)",60,19d2f4ae019d4221 (launcher-args hash),9e785b9+dirty,queued,,,,tmux ehsfp-lanes / laneB,,runs when its lane reaches it
stale_cifar100_tau10_s4,Table IV: tau=10,cifar100,h-sfp,full_e_hsfp [--set staleness_tau=10],IID,4,"frozen_journal_v1 (60 rounds, seeds 0-4)",60,b8625b618982e63b (launcher-args hash),9e785b9+dirty,queued,,,,tmux ehsfp-lanes / laneB,,runs when its lane reaches it
stale_cifar100_tau1_s0,Table IV: tau=1,cifar100,h-sfp,full_e_hsfp [--set staleness_tau=1],IID,0,"frozen_journal_v1 (60 rounds, seeds 0-4)",60,29f9256b1a3ab8c7 (launcher-args hash),9e785b9+dirty,queued,,,,tmux ehsfp-lanes / laneB,,runs when its lane reaches it
stale_cifar100_tau1_s1,Table IV: tau=1,cifar100,h-sfp,full_e_hsfp [--set staleness_tau=1],IID,1,"frozen_journal_v1 (60 rounds, seeds 0-4)",60,278c5a8965d2c6ff (launcher-args hash),9e785b9+dirty,queued,,,,tmux ehsfp-lanes / laneB,,runs when its lane reaches it
stale_cifar100_tau1_s2,Table IV: tau=1,cifar100,h-sfp,full_e_hsfp [--set staleness_tau=1],IID,2,"frozen_journal_v1 (60 rounds, seeds 0-4)",60,cac40011fd70f83a (launcher-args hash),9e785b9+dirty,queued,,,,tmux ehsfp-lanes / laneB,,runs when its lane reaches it
stale_cifar100_tau1_s3,Table IV: tau=1,cifar100,h-sfp,full_e_hsfp [--set staleness_tau=1],IID,3,"frozen_journal_v1 (60 rounds, seeds 0-4)",60,fef572f20a08f34f (launcher-args hash),9e785b9+dirty,queued,,,,tmux ehsfp-lanes / laneB,,runs when its lane reaches it
stale_cifar100_tau1_s4,Table IV: tau=1,cifar100,h-sfp,full_e_hsfp [--set staleness_tau=1],IID,4,"frozen_journal_v1 (60 rounds, seeds 0-4)",60,c7d599c4a8072b90 (launcher-args hash),9e785b9+dirty,queued,,,,tmux ehsfp-lanes / laneB,,runs when its lane reaches it
stale_cifar100_tau3_s0,Table IV: tau=3,cifar100,h-sfp,full_e_hsfp [--set staleness_tau=3],IID,0,"frozen_journal_v1 (60 rounds, seeds 0-4)",60,460b435b0c03d9f5 (launcher-args hash),9e785b9+dirty,queued,,,,tmux ehsfp-lanes / laneB,,runs when its lane reaches it
stale_cifar100_tau3_s1,Table IV: tau=3,cifar100,h-sfp,full_e_hsfp [--set staleness_tau=3],IID,1,"frozen_journal_v1 (60 rounds, seeds 0-4)",60,7827098f889b66a2 (launcher-args hash),9e785b9+dirty,queued,,,,tmux ehsfp-lanes / laneB,,runs when its lane reaches it
stale_cifar100_tau3_s2,Table IV: tau=3,cifar100,h-sfp,full_e_hsfp [--set staleness_tau=3],IID,2,"frozen_journal_v1 (60 rounds, seeds 0-4)",60,6acb1698dd71617b (launcher-args hash),9e785b9+dirty,queued,,,,tmux ehsfp-lanes / laneB,,runs when its lane reaches it
stale_cifar100_tau3_s3,Table IV: tau=3,cifar100,h-sfp,full_e_hsfp [--set staleness_tau=3],IID,3,"frozen_journal_v1 (60 rounds, seeds 0-4)",60,7c41122460d708c1 (launcher-args hash),9e785b9+dirty,queued,,,,tmux ehsfp-lanes / laneB,,runs when its lane reaches it
stale_cifar100_tau3_s4,Table IV: tau=3,cifar100,h-sfp,full_e_hsfp [--set staleness_tau=3],IID,4,"frozen_journal_v1 (60 rounds, seeds 0-4)",60,a47bd8f110d115c9 (launcher-args hash),9e785b9+dirty,queued,,,,tmux ehsfp-lanes / laneB,,runs when its lane reaches it
stale_cifar100_tau5_s0,Table IV: tau=5,cifar100,h-sfp,full_e_hsfp [--set staleness_tau=5],IID,0,"frozen_journal_v1 (60 rounds, seeds 0-4)",60,1f6848a9ac23fe70 (launcher-args hash),9e785b9+dirty,queued,,,,tmux ehsfp-lanes / laneB,,runs when its lane reaches it
stale_cifar100_tau5_s1,Table IV: tau=5,cifar100,h-sfp,full_e_hsfp [--set staleness_tau=5],IID,1,"frozen_journal_v1 (60 rounds, seeds 0-4)",60,d53842f891b2dbe0 (launcher-args hash),9e785b9+dirty,queued,,,,tmux ehsfp-lanes / laneB,,runs when its lane reaches it
stale_cifar100_tau5_s2,Table IV: tau=5,cifar100,h-sfp,full_e_hsfp [--set staleness_tau=5],IID,2,"frozen_journal_v1 (60 rounds, seeds 0-4)",60,8134ea970ea78ab7 (launcher-args hash),9e785b9+dirty,queued,,,,tmux ehsfp-lanes / laneB,,runs when its lane reaches it
stale_cifar100_tau5_s3,Table IV: tau=5,cifar100,h-sfp,full_e_hsfp [--set staleness_tau=5],IID,3,"frozen_journal_v1 (60 rounds, seeds 0-4)",60,95573d80188320ca (launcher-args hash),9e785b9+dirty,queued,,,,tmux ehsfp-lanes / laneB,,runs when its lane reaches it
stale_cifar100_tau5_s4,Table IV: tau=5,cifar100,h-sfp,full_e_hsfp [--set staleness_tau=5],IID,4,"frozen_journal_v1 (60 rounds, seeds 0-4)",60,cdac1884ced0a77b (launcher-args hash),9e785b9+dirty,queued,,,,tmux ehsfp-lanes / laneB,,runs when its lane reaches it
sv_cifar100_coldstart_s0,Table V: Cold-start delay,cifar100,h-sfp,full_e_hsfp [--set client_timeout_probability=0.0 --set edge_timeout_probability=0.0 --set cold_start_probability=0.30 --set cold_start_defers_packet=true],IID,0,"frozen_journal_v1 (60 rounds, seeds 0-4)",60,455b04827c0a0182 (launcher-args hash),9e785b9+dirty,queued,,,,tmux ehsfp-lanes / laneB,,runs when its lane reaches it
sv_cifar100_coldstart_s1,Table V: Cold-start delay,cifar100,h-sfp,full_e_hsfp [--set client_timeout_probability=0.0 --set edge_timeout_probability=0.0 --set cold_start_probability=0.30 --set cold_start_defers_packet=true],IID,1,"frozen_journal_v1 (60 rounds, seeds 0-4)",60,caaa39806d67b59f (launcher-args hash),9e785b9+dirty,queued,,,,tmux ehsfp-lanes / laneB,,runs when its lane reaches it
sv_cifar100_coldstart_s2,Table V: Cold-start delay,cifar100,h-sfp,full_e_hsfp [--set client_timeout_probability=0.0 --set edge_timeout_probability=0.0 --set cold_start_probability=0.30 --set cold_start_defers_packet=true],IID,2,"frozen_journal_v1 (60 rounds, seeds 0-4)",60,c08087f52cf3d0b3 (launcher-args hash),9e785b9+dirty,queued,,,,tmux ehsfp-lanes / laneB,,runs when its lane reaches it
sv_cifar100_coldstart_s3,Table V: Cold-start delay,cifar100,h-sfp,full_e_hsfp [--set client_timeout_probability=0.0 --set edge_timeout_probability=0.0 --set cold_start_probability=0.30 --set cold_start_defers_packet=true],IID,3,"frozen_journal_v1 (60 rounds, seeds 0-4)",60,e0719ec602bfa8cc (launcher-args hash),9e785b9+dirty,queued,,,,tmux ehsfp-lanes / laneB,,runs when its lane reaches it
sv_cifar100_coldstart_s4,Table V: Cold-start delay,cifar100,h-sfp,full_e_hsfp [--set client_timeout_probability=0.0 --set edge_timeout_probability=0.0 --set cold_start_probability=0.30 --set cold_start_defers_packet=true],IID,4,"frozen_journal_v1 (60 rounds, seeds 0-4)",60,502e1a03da4ef1e3 (launcher-args hash),9e785b9+dirty,queued,,,,tmux ehsfp-lanes / laneB,,runs when its lane reaches it
sv_cifar100_combined_s0,Table V: Combined serverless stress,cifar100,h-sfp,full_e_hsfp [--set client_timeout_probability=0.10 --set edge_timeout_probability=0.10 --set cold_start_probability=0.30 --set cold_start_defers_packet=true --set partial_edge_probability=0.30 --set partial_edge_fraction=0.5],IID,0,"frozen_journal_v1 (60 rounds, seeds 0-4)",60,9566ef8a9c87c669 (launcher-args hash),9e785b9+dirty,queued,,,,tmux ehsfp-lanes / laneB,,runs when its lane reaches it
sv_cifar100_combined_s1,Table V: Combined serverless stress,cifar100,h-sfp,full_e_hsfp [--set client_timeout_probability=0.10 --set edge_timeout_probability=0.10 --set cold_start_probability=0.30 --set cold_start_defers_packet=true --set partial_edge_probability=0.30 --set partial_edge_fraction=0.5],IID,1,"frozen_journal_v1 (60 rounds, seeds 0-4)",60,7ac88afe560a6f66 (launcher-args hash),9e785b9+dirty,queued,,,,tmux ehsfp-lanes / laneB,,runs when its lane reaches it
sv_cifar100_combined_s2,Table V: Combined serverless stress,cifar100,h-sfp,full_e_hsfp [--set client_timeout_probability=0.10 --set edge_timeout_probability=0.10 --set cold_start_probability=0.30 --set cold_start_defers_packet=true --set partial_edge_probability=0.30 --set partial_edge_fraction=0.5],IID,2,"frozen_journal_v1 (60 rounds, seeds 0-4)",60,011621c606847d2b (launcher-args hash),9e785b9+dirty,queued,,,,tmux ehsfp-lanes / laneB,,runs when its lane reaches it
sv_cifar100_combined_s3,Table V: Combined serverless stress,cifar100,h-sfp,full_e_hsfp [--set client_timeout_probability=0.10 --set edge_timeout_probability=0.10 --set cold_start_probability=0.30 --set cold_start_defers_packet=true --set partial_edge_probability=0.30 --set partial_edge_fraction=0.5],IID,3,"frozen_journal_v1 (60 rounds, seeds 0-4)",60,61a5c2956bc1ed6a (launcher-args hash),9e785b9+dirty,queued,,,,tmux ehsfp-lanes / laneB,,runs when its lane reaches it
sv_cifar100_combined_s4,Table V: Combined serverless stress,cifar100,h-sfp,full_e_hsfp [--set client_timeout_probability=0.10 --set edge_timeout_probability=0.10 --set cold_start_probability=0.30 --set cold_start_defers_packet=true --set partial_edge_probability=0.30 --set partial_edge_fraction=0.5],IID,4,"frozen_journal_v1 (60 rounds, seeds 0-4)",60,fcd4aeeb1fd66105 (launcher-args hash),9e785b9+dirty,queued,,,,tmux ehsfp-lanes / laneB,,runs when its lane reaches it
sv_cifar100_missedge_s0,Table V: Missing edge update,cifar100,h-sfp,full_e_hsfp [--set client_timeout_probability=0.0 --set edge_timeout_probability=0.10 --set cold_start_probability=0.0],IID,0,"frozen_journal_v1 (60 rounds, seeds 0-4)",60,88b66eb958057236 (launcher-args hash),9e785b9+dirty,queued,,,,tmux ehsfp-lanes / laneB,,runs when its lane reaches it
sv_cifar100_missedge_s1,Table V: Missing edge update,cifar100,h-sfp,full_e_hsfp [--set client_timeout_probability=0.0 --set edge_timeout_probability=0.10 --set cold_start_probability=0.0],IID,1,"frozen_journal_v1 (60 rounds, seeds 0-4)",60,15fb901fc46135ff (launcher-args hash),9e785b9+dirty,queued,,,,tmux ehsfp-lanes / laneB,,runs when its lane reaches it
sv_cifar100_missedge_s2,Table V: Missing edge update,cifar100,h-sfp,full_e_hsfp [--set client_timeout_probability=0.0 --set edge_timeout_probability=0.10 --set cold_start_probability=0.0],IID,2,"frozen_journal_v1 (60 rounds, seeds 0-4)",60,8de8cd45bae8d290 (launcher-args hash),9e785b9+dirty,queued,,,,tmux ehsfp-lanes / laneB,,runs when its lane reaches it
sv_cifar100_missedge_s3,Table V: Missing edge update,cifar100,h-sfp,full_e_hsfp [--set client_timeout_probability=0.0 --set edge_timeout_probability=0.10 --set cold_start_probability=0.0],IID,3,"frozen_journal_v1 (60 rounds, seeds 0-4)",60,a98bbabbd9dbfbd5 (launcher-args hash),9e785b9+dirty,queued,,,,tmux ehsfp-lanes / laneB,,runs when its lane reaches it
sv_cifar100_missedge_s4,Table V: Missing edge update,cifar100,h-sfp,full_e_hsfp [--set client_timeout_probability=0.0 --set edge_timeout_probability=0.10 --set cold_start_probability=0.0],IID,4,"frozen_journal_v1 (60 rounds, seeds 0-4)",60,94e847458b003d6f (launcher-args hash),9e785b9+dirty,queued,,,,tmux ehsfp-lanes / laneB,,runs when its lane reaches it
sv_cifar100_none_s0,Table V: No event loss,cifar100,h-sfp,full_e_hsfp [--set client_timeout_probability=0.0 --set edge_timeout_probability=0.0 --set cold_start_probability=0.0],IID,0,"frozen_journal_v1 (60 rounds, seeds 0-4)",60,0cfed01fb85b49b7 (launcher-args hash),9e785b9+dirty,queued,,,,tmux ehsfp-lanes / laneB,,runs when its lane reaches it
sv_cifar100_none_s1,Table V: No event loss,cifar100,h-sfp,full_e_hsfp [--set client_timeout_probability=0.0 --set edge_timeout_probability=0.0 --set cold_start_probability=0.0],IID,1,"frozen_journal_v1 (60 rounds, seeds 0-4)",60,af5320c2b4d266f7 (launcher-args hash),9e785b9+dirty,queued,,,,tmux ehsfp-lanes / laneB,,runs when its lane reaches it
sv_cifar100_none_s2,Table V: No event loss,cifar100,h-sfp,full_e_hsfp [--set client_timeout_probability=0.0 --set edge_timeout_probability=0.0 --set cold_start_probability=0.0],IID,2,"frozen_journal_v1 (60 rounds, seeds 0-4)",60,c18c830069943a44 (launcher-args hash),9e785b9+dirty,queued,,,,tmux ehsfp-lanes / laneB,,runs when its lane reaches it
sv_cifar100_none_s3,Table V: No event loss,cifar100,h-sfp,full_e_hsfp [--set client_timeout_probability=0.0 --set edge_timeout_probability=0.0 --set cold_start_probability=0.0],IID,3,"frozen_journal_v1 (60 rounds, seeds 0-4)",60,47eaf72e0463ade2 (launcher-args hash),9e785b9+dirty,queued,,,,tmux ehsfp-lanes / laneB,,runs when its lane reaches it
sv_cifar100_none_s4,Table V: No event loss,cifar100,h-sfp,full_e_hsfp [--set client_timeout_probability=0.0 --set edge_timeout_probability=0.0 --set cold_start_probability=0.0],IID,4,"frozen_journal_v1 (60 rounds, seeds 0-4)",60,83be9580b69b7a4a (launcher-args hash),9e785b9+dirty,queued,,,,tmux ehsfp-lanes / laneB,,runs when its lane reaches it
sv_cifar100_partial_s0,Table V: Partial edge execution,cifar100,h-sfp,full_e_hsfp [--set client_timeout_probability=0.0 --set edge_timeout_probability=0.0 --set cold_start_probability=0.0 --set partial_edge_probability=0.30 --set partial_edge_fraction=0.5],IID,0,"frozen_journal_v1 (60 rounds, seeds 0-4)",60,2407e87b0eba0f0b (launcher-args hash),9e785b9+dirty,queued,,,,tmux ehsfp-lanes / laneB,,runs when its lane reaches it
sv_cifar100_partial_s1,Table V: Partial edge execution,cifar100,h-sfp,full_e_hsfp [--set client_timeout_probability=0.0 --set edge_timeout_probability=0.0 --set cold_start_probability=0.0 --set partial_edge_probability=0.30 --set partial_edge_fraction=0.5],IID,1,"frozen_journal_v1 (60 rounds, seeds 0-4)",60,91a372b62fed07a3 (launcher-args hash),9e785b9+dirty,queued,,,,tmux ehsfp-lanes / laneB,,runs when its lane reaches it
sv_cifar100_partial_s2,Table V: Partial edge execution,cifar100,h-sfp,full_e_hsfp [--set client_timeout_probability=0.0 --set edge_timeout_probability=0.0 --set cold_start_probability=0.0 --set partial_edge_probability=0.30 --set partial_edge_fraction=0.5],IID,2,"frozen_journal_v1 (60 rounds, seeds 0-4)",60,19169f6521ac14bc (launcher-args hash),9e785b9+dirty,queued,,,,tmux ehsfp-lanes / laneB,,runs when its lane reaches it
sv_cifar100_partial_s3,Table V: Partial edge execution,cifar100,h-sfp,full_e_hsfp [--set client_timeout_probability=0.0 --set edge_timeout_probability=0.0 --set cold_start_probability=0.0 --set partial_edge_probability=0.30 --set partial_edge_fraction=0.5],IID,3,"frozen_journal_v1 (60 rounds, seeds 0-4)",60,87ccf10ecd6a72ec (launcher-args hash),9e785b9+dirty,queued,,,,tmux ehsfp-lanes / laneB,,runs when its lane reaches it
sv_cifar100_partial_s4,Table V: Partial edge execution,cifar100,h-sfp,full_e_hsfp [--set client_timeout_probability=0.0 --set edge_timeout_probability=0.0 --set cold_start_probability=0.0 --set partial_edge_probability=0.30 --set partial_edge_fraction=0.5],IID,4,"frozen_journal_v1 (60 rounds, seeds 0-4)",60,ca0b2c19dcb48615 (launcher-args hash),9e785b9+dirty,queued,,,,tmux ehsfp-lanes / laneB,,runs when its lane reaches it
sv_cifar100_timeout_s0,Table V: Function timeout,cifar100,h-sfp,full_e_hsfp [--set client_timeout_probability=0.10 --set edge_timeout_probability=0.0 --set cold_start_probability=0.0],IID,0,"frozen_journal_v1 (60 rounds, seeds 0-4)",60,b87e06b8bb2510df (launcher-args hash),9e785b9+dirty,queued,,,,tmux ehsfp-lanes / laneB,,runs when its lane reaches it
sv_cifar100_timeout_s1,Table V: Function timeout,cifar100,h-sfp,full_e_hsfp [--set client_timeout_probability=0.10 --set edge_timeout_probability=0.0 --set cold_start_probability=0.0],IID,1,"frozen_journal_v1 (60 rounds, seeds 0-4)",60,802cf308240583da (launcher-args hash),9e785b9+dirty,queued,,,,tmux ehsfp-lanes / laneB,,runs when its lane reaches it
sv_cifar100_timeout_s2,Table V: Function timeout,cifar100,h-sfp,full_e_hsfp [--set client_timeout_probability=0.10 --set edge_timeout_probability=0.0 --set cold_start_probability=0.0],IID,2,"frozen_journal_v1 (60 rounds, seeds 0-4)",60,bddd95d1483b65bb (launcher-args hash),9e785b9+dirty,queued,,,,tmux ehsfp-lanes / laneB,,runs when its lane reaches it
sv_cifar100_timeout_s3,Table V: Function timeout,cifar100,h-sfp,full_e_hsfp [--set client_timeout_probability=0.10 --set edge_timeout_probability=0.0 --set cold_start_probability=0.0],IID,3,"frozen_journal_v1 (60 rounds, seeds 0-4)",60,b309fcae6bba0259 (launcher-args hash),9e785b9+dirty,queued,,,,tmux ehsfp-lanes / laneB,,runs when its lane reaches it
sv_cifar100_timeout_s4,Table V: Function timeout,cifar100,h-sfp,full_e_hsfp [--set client_timeout_probability=0.10 --set edge_timeout_probability=0.0 --set cold_start_probability=0.0],IID,4,"frozen_journal_v1 (60 rounds, seeds 0-4)",60,f2c21f5556325e78 (launcher-args hash),9e785b9+dirty,queued,,,,tmux ehsfp-lanes / laneB,,runs when its lane reaches it
